sale_id,employee_id,sale_date,product,category,amount
S01143,8,2025-01-01,Camera,Electronics,9507.09
S00474,45,2025-01-01,Camera,Electronics,10821.78
S00231,60,2025-01-01,Laptop,Electronics,9306.42
S00317,24,2025-01-01,Printer,Office,6521.86
S01733,3,2025-01-03,Keyboard,Accessories,10455.07
S01788,74,2025-01-03,Camera,Electronics,8832.29
S00270,16,2025-01-03,Monitor,Electronics,15915.11
S01391,15,2025-01-03,Headphones,Accessories,19665.15
S01857,51,2025-01-04,Keyboard,Accessories,9820.63
S00276,93,2025-01-04,Keyboard,Accessories,5763.93
S00876,38,2025-01-05,Headphones,Accessories,10362.11
S01630,64,2025-01-05,Keyboard,Accessories,13394.33
S01904,36,2025-01-05,Headphones,Accessories,6392.7
S00740,90,2025-01-05,Tablet,Electronics,3634.32
S01285,22,2025-01-06,Keyboard,Accessories,9095.35
S01018,31,2025-01-07,Monitor,Electronics,7449.84
S01334,21,2025-01-07,Speaker,Audio,3128.56
S00026,70,2025-01-07,Phone,Electronics,7417.64
S00606,51,2025-01-08,Monitor,Electronics,12487.26
S00393,13,2025-01-08,Phone,Electronics,10619.5
S00868,65,2025-01-08,Phone,Electronics,12302.65
S00882,62,2025-01-08,Monitor,Electronics,14084.66
S00997,72,2025-01-08,Keyboard,Accessories,19973.43
S00911,62,2025-01-08,Camera,Electronics,6961.69
S01899,98,2025-01-08,Speaker,Audio,5722.45
S00089,84,2025-01-09,Speaker,Audio,8036.51
S01852,8,2025-01-10,Keyboard,Accessories,8704.8
S00621,3,2025-01-10,Phone,Electronics,38152.11
S01782,80,2025-01-11,Tablet,Electronics,9920.44
S01522,59,2025-01-11,Speaker,Audio,6826.14
S00881,69,2025-01-11,Laptop,Electronics,3763.39
S00929,25,2025-01-12,Headphones,Accessories,18389.92
S01523,98,2025-01-12,Headphones,Accessories,15292.26
S00472,39,2025-01-12,Phone,Electronics,3226.52
S00455,86,2025-01-12,Laptop,Electronics,9934.87
S00647,79,2025-01-12,Mouse,Accessories,8389.35
S01137,55,2025-01-13,Speaker,Audio,4865.36
S01798,77,2025-01-13,Monitor,Electronics,6652.1
S01244,86,2025-01-13,Mouse,Accessories,5807.13
S01236,41,2025-01-13,Monitor,Electronics,13667.41
S01449,59,2025-01-13,Tablet,Electronics,8926.05
S01377,31,2025-01-13,Keyboard,Accessories,7736.55
S01323,74,2025-01-14,Laptop,Electronics,11354.09
S00854,3,2025-01-14,Headphones,Accessories,3047.7
S01030,21,2025-01-14,Speaker,Audio,5455.93
S01825,84,2025-01-15,Laptop,Electronics,29914.99
S00058,23,2025-01-15,Speaker,Audio,9498.37
S00940,67,2025-01-15,Mouse,Accessories,18513.87
S01070,25,2025-01-15,Tablet,Electronics,19126.57
S01604,98,2025-01-16,Camera,Electronics,13050.08
S01410,32,2025-01-16,Speaker,Audio,5987.93
S01839,14,2025-01-16,Printer,Office,10898.1
S01541,40,2025-01-17,Speaker,Audio,12688.79
S01674,75,2025-01-17,Phone,Electronics,8464.27
S00282,86,2025-01-17,Keyboard,Accessories,11241.28
S00632,23,2025-01-18,Laptop,Electronics,19860.74
S00145,92,2025-01-18,Tablet,Electronics,5073.93
S00201,20,2025-01-18,Monitor,Electronics,11067.98
S00928,97,2025-01-18,Tablet,Electronics,13874.26
S00591,95,2025-01-19,Phone,Electronics,15604.07
S00102,41,2025-01-19,Tablet,Electronics,8080.13
S00536,58,2025-01-19,Monitor,Electronics,7322.3
S00842,20,2025-01-19,Laptop,Electronics,5869.95
S00720,26,2025-01-19,Mouse,Accessories,6477.47
S01297,26,2025-01-19,Speaker,Audio,9399.74
S01995,70,2025-01-20,Phone,Electronics,6639.87
S01732,60,2025-01-20,Laptop,Electronics,6548.93
S01322,17,2025-01-20,Phone,Electronics,14770.88
S01309,39,2025-01-20,Printer,Office,15543.51
S01185,82,2025-01-20,Camera,Electronics,6986.31
S00485,77,2025-01-21,Camera,Electronics,10715.93
S00434,76,2025-01-21,Camera,Electronics,7923.39
S01427,65,2025-01-21,Camera,Electronics,10933.34
S00105,68,2025-01-22,Monitor,Electronics,26761.91
S01475,57,2025-01-22,Mouse,Accessories,14774.85
S00832,51,2025-01-22,Speaker,Audio,9673.29
S00163,87,2025-01-22,Phone,Electronics,10791.08
S00002,2,2025-01-23,Laptop,Electronics,19282.63
S01726,3,2025-01-24,Keyboard,Accessories,7647.69
S00803,62,2025-01-24,Tablet,Electronics,8953.14
S00123,51,2025-01-24,Keyboard,Accessories,12999.67
S00939,6,2025-01-24,Headphones,Accessories,12286.08
S00196,60,2025-01-24,Printer,Office,8948.78
S01453,70,2025-01-25,Speaker,Audio,5793.24
S00469,74,2025-01-25,Phone,Electronics,7859.8
S01946,76,2025-01-25,Headphones,Accessories,13218.32
S00224,86,2025-01-25,Tablet,Electronics,15656.4
S01002,12,2025-01-25,Monitor,Electronics,11608.38
S01572,63,2025-01-26,Keyboard,Accessories,13699.09
S00871,17,2025-01-26,Keyboard,Accessories,15113.38
S01591,2,2025-01-26,Laptop,Electronics,13327.47
S01587,39,2025-01-26,Laptop,Electronics,12252.96
S00460,4,2025-01-26,Printer,Office,5635.1
S00279,26,2025-01-26,Printer,Office,2003.66
S00995,38,2025-01-26,Speaker,Audio,3340.75
S01172,48,2025-01-26,Mouse,Accessories,16161.37
S01353,17,2025-01-27,Keyboard,Accessories,9718.06
S01036,1,2025-01-27,Tablet,Electronics,8202.11
S01686,92,2025-01-27,Laptop,Electronics,2579.48
S01101,56,2025-01-27,Printer,Office,14502.62
S01881,94,2025-01-27,Camera,Electronics,5569.24
S00096,82,2025-01-27,Speaker,Audio,16541.01
S01191,11,2025-01-28,Tablet,Electronics,10625.95
S01392,4,2025-01-28,Tablet,Electronics,11685.79
S00713,34,2025-01-29,Mouse,Accessories,9635.24
S00342,13,2025-01-29,Printer,Office,10906.56
S00438,17,2025-01-29,Phone,Electronics,10300.23
S01102,83,2025-01-29,Printer,Office,7159.86
S01086,84,2025-01-30,Monitor,Electronics,10438.5
S00786,26,2025-01-31,Speaker,Audio,5202.91
S00209,92,2025-01-31,Printer,Office,18219.54
S01374,59,2025-02-01,Camera,Electronics,15265.08
S00471,19,2025-02-01,Camera,Electronics,10528.36
S00884,50,2025-02-01,Monitor,Electronics,15198.67
S00185,43,2025-02-02,Monitor,Electronics,8616.06
S01743,100,2025-02-03,Mouse,Accessories,18555.85
S00642,38,2025-02-03,Monitor,Electronics,7526.51
S01592,78,2025-02-03,Phone,Electronics,15952.01
S01325,55,2025-02-03,Printer,Office,8337.2
S00586,55,2025-02-03,Camera,Electronics,10425.61
S01158,35,2025-02-04,Keyboard,Accessories,11551.22
S00466,54,2025-02-04,Camera,Electronics,5490.89
S01800,22,2025-02-04,Keyboard,Accessories,12110.98
S00331,51,2025-02-05,Camera,Electronics,4496.95
S01854,53,2025-02-05,Speaker,Audio,12531.15
S00732,8,2025-02-06,Camera,Electronics,18697.84
S01375,17,2025-02-06,Speaker,Audio,12130.95
S00313,1,2025-02-07,Laptop,Electronics,14470.89
S00545,63,2025-02-08,Mouse,Accessories,10260.26
S00978,29,2025-02-08,Laptop,Electronics,4484.51
S01715,46,2025-02-09,Speaker,Audio,11320.0
S00769,13,2025-02-09,Printer,Office,13429.07
S00175,47,2025-02-09,Laptop,Electronics,12206.12
S01477,41,2025-02-09,Camera,Electronics,4271.94
S01467,59,2025-02-09,Printer,Office,4793.64
S00024,69,2025-02-10,Headphones,Accessories,12907.87
S00268,89,2025-02-10,Camera,Electronics,8463.39
S01565,41,2025-02-11,Laptop,Electronics,13145.18
S01957,80,2025-02-11,Speaker,Audio,2864.59
S00499,61,2025-02-11,Headphones,Accessories,9879.67
S00533,36,2025-02-11,Speaker,Audio,4571.36
S01718,93,2025-02-11,Mouse,Accessories,8478.45
S01242,76,2025-02-12,Laptop,Electronics,10722.03
S01962,94,2025-02-12,Monitor,Electronics,11476.75
S01045,53,2025-02-12,Camera,Electronics,7564.66
S00202,65,2025-02-13,Printer,Office,19150.61
S01148,87,2025-02-13,Printer,Office,7520.36
S01226,29,2025-02-13,Phone,Electronics,18947.44
S01858,44,2025-02-13,Printer,Office,6306.55
S01149,59,2025-02-13,Monitor,Electronics,18368.64
S00894,64,2025-02-13,Printer,Office,19223.2
S01075,33,2025-02-14,Camera,Electronics,6824.24
S01346,26,2025-02-14,Camera,Electronics,4850.77
S00828,79,2025-02-14,Speaker,Audio,8556.21
S01169,14,2025-02-15,Camera,Electronics,10905.16
S01387,90,2025-02-15,Laptop,Electronics,11693.06
S01601,27,2025-02-15,Camera,Electronics,6893.89
S01382,98,2025-02-15,Camera,Electronics,3593.34
S01749,86,2025-02-16,Laptop,Electronics,19208.76
S01276,11,2025-02-16,Laptop,Electronics,4088.34
S01095,1,2025-02-16,Printer,Office,7525.78
S00042,67,2025-02-16,Laptop,Electronics,9588.79
S00109,48,2025-02-17,Camera,Electronics,6138.71
S01851,45,2025-02-17,Camera,Electronics,12081.0
S01965,20,2025-02-18,Laptop,Electronics,7932.95
S00489,25,2025-02-18,Camera,Electronics,5865.32
S01835,26,2025-02-19,Tablet,Electronics,8060.84
S01559,40,2025-02-20,Printer,Office,4596.0
S01937,70,2025-02-20,Laptop,Electronics,7084.89
S00875,24,2025-02-20,Tablet,Electronics,8991.25
S00329,33,2025-02-20,Mouse,Accessories,19480.47
S01020,51,2025-02-21,Tablet,Electronics,6475.56
S01040,40,2025-02-21,Laptop,Electronics,14760.92
S01292,99,2025-02-21,Laptop,Electronics,6449.37
S00090,99,2025-02-22,Camera,Electronics,3599.25
S01602,17,2025-02-22,Tablet,Electronics,18371.83
S01342,89,2025-02-23,Mouse,Accessories,8316.05
S00598,74,2025-02-23,Monitor,Electronics,4205.3
S01261,92,2025-02-23,Mouse,Accessories,9992.21
S00304,69,2025-02-24,Printer,Office,4715.27
S01179,85,2025-02-24,Mouse,Accessories,10793.74
S00371,49,2025-02-24,Keyboard,Accessories,6150.48
S00125,8,2025-02-25,Headphones,Accessories,10688.25
S00907,5,2025-02-25,Camera,Electronics,13175.87
S01566,13,2025-02-26,Camera,Electronics,3528.89
S01933,14,2025-02-26,Tablet,Electronics,7299.89
S00983,2,2025-02-26,Monitor,Electronics,12902.4
S00780,40,2025-02-26,Camera,Electronics,1939.26
S01639,82,2025-02-26,Keyboard,Accessories,5203.26
S01534,60,2025-02-27,Mouse,Accessories,9039.48
S01313,51,2025-02-27,Camera,Electronics,8426.68
S00589,81,2025-02-28,Mouse,Accessories,16498.78
S00673,53,2025-02-28,Phone,Electronics,7514.5
S00210,98,2025-02-28,Phone,Electronics,6992.57
S00664,56,2025-02-28,Tablet,Electronics,9818.68
S00018,55,2025-02-28,Monitor,Electronics,20892.71
S01948,36,2025-03-01,Laptop,Electronics,4629.35
S01220,25,2025-03-01,Camera,Electronics,14322.93
S00249,19,2025-03-01,Camera,Electronics,10979.58
S01107,49,2025-03-01,Mouse,Accessories,5320.99
S01689,47,2025-03-01,Laptop,Electronics,4310.19
S00550,77,2025-03-02,Tablet,Electronics,13282.03
S01537,28,2025-03-02,Speaker,Audio,11317.37
S00400,19,2025-03-02,Speaker,Audio,7832.04
S00442,40,2025-03-02,Headphones,Accessories,9689.29
S00464,19,2025-03-03,Tablet,Electronics,10808.96
S01658,75,2025-03-03,Printer,Office,22994.48
S01568,89,2025-03-03,Speaker,Audio,4096.17
S01728,64,2025-03-03,Speaker,Audio,16929.24
S01066,59,2025-03-04,Monitor,Electronics,3417.49
S00266,96,2025-03-05,Keyboard,Accessories,2646.37
S01723,46,2025-03-06,Headphones,Accessories,5496.53
S01082,85,2025-03-06,Speaker,Audio,8155.87
S00537,60,2025-03-07,Laptop,Electronics,6551.03
S01951,47,2025-03-07,Keyboard,Accessories,5454.99
S01874,54,2025-03-08,Phone,Electronics,9959.4
S01972,84,2025-03-08,Headphones,Accessories,10353.33
S00332,43,2025-03-08,Keyboard,Accessories,13527.79
S00512,49,2025-03-09,Tablet,Electronics,15849.54
S01564,48,2025-03-09,Camera,Electronics,9293.28
S01675,32,2025-03-09,Monitor,Electronics,10798.36
S00957,55,2025-03-09,Mouse,Accessories,13733.63
S01702,34,2025-03-09,Phone,Electronics,7730.11
S01836,3,2025-03-10,Speaker,Audio,10609.27
S00674,66,2025-03-10,Camera,Electronics,7137.3
S00979,47,2025-03-10,Camera,Electronics,12664.45
S00731,1,2025-03-10,Tablet,Electronics,4013.55
S00029,16,2025-03-10,Speaker,Audio,2499.32
S01547,67,2025-03-10,Laptop,Electronics,26131.42
S01871,35,2025-03-10,Tablet,Electronics,2881.69
S01339,72,2025-03-11,Keyboard,Accessories,9814.89
S01922,42,2025-03-11,Keyboard,Accessories,9511.29
S00146,30,2025-03-11,Speaker,Audio,7248.07
S00190,26,2025-03-11,Laptop,Electronics,4927.78
S01921,87,2025-03-11,Monitor,Electronics,8217.84
S00097,66,2025-03-11,Laptop,Electronics,7803.82
S01969,1,2025-03-12,Tablet,Electronics,5546.95
S00445,50,2025-03-12,Tablet,Electronics,9862.68
S01240,37,2025-03-12,Phone,Electronics,9161.18
S00825,62,2025-03-13,Speaker,Audio,6694.46
S00760,74,2025-03-13,Camera,Electronics,4269.86
S00122,38,2025-03-13,Phone,Electronics,9769.33
S00520,87,2025-03-15,Laptop,Electronics,4893.35
S01203,53,2025-03-15,Speaker,Audio,1796.35
S00510,18,2025-03-15,Monitor,Electronics,5884.84
S00494,58,2025-03-16,Printer,Office,16294.82
S01014,5,2025-03-17,Headphones,Accessories,6397.4
S00219,63,2025-03-17,Monitor,Electronics,18726.66
S01515,42,2025-03-18,Laptop,Electronics,4207.28
S00040,19,2025-03-18,Monitor,Electronics,2179.57
S00091,89,2025-03-18,Speaker,Audio,4161.11
S00513,14,2025-03-18,Printer,Office,10572.63
S00835,5,2025-03-18,Speaker,Audio,10703.71
S00937,51,2025-03-18,Speaker,Audio,4869.95
S00053,11,2025-03-18,Mouse,Accessories,6815.73
S00079,3,2025-03-18,Keyboard,Accessories,11163.05
S01329,80,2025-03-19,Tablet,Electronics,9352.24
S01150,72,2025-03-19,Laptop,Electronics,9210.03
S01432,14,2025-03-19,Laptop,Electronics,8462.53
S00644,98,2025-03-21,Laptop,Electronics,13213.06
S00629,57,2025-03-21,Mouse,Accessories,4890.45
S00330,61,2025-03-22,Monitor,Electronics,11479.34
S00795,22,2025-03-22,Keyboard,Accessories,10273.25
S01580,31,2025-03-22,Laptop,Electronics,17007.63
S01984,61,2025-03-22,Keyboard,Accessories,12204.34
S01598,96,2025-03-22,Laptop,Electronics,6592.54
S00030,97,2025-03-22,Mouse,Accessories,15311.66
S00898,93,2025-03-23,Keyboard,Accessories,8335.52
S00453,8,2025-03-23,Phone,Electronics,3821.53
S00613,34,2025-03-24,Tablet,Electronics,12130.65
S01486,9,2025-03-25,Speaker,Audio,16577.75
S00078,80,2025-03-25,Tablet,Electronics,7330.27
S01789,40,2025-03-25,Laptop,Electronics,13603.96
S00726,48,2025-03-26,Headphones,Accessories,10001.97
S00677,75,2025-03-27,Phone,Electronics,2789.92
S00666,74,2025-03-27,Mouse,Accessories,8483.8
S00479,92,2025-03-27,Mouse,Accessories,9305.59
S01765,32,2025-03-27,Printer,Office,6750.69
S01217,9,2025-03-27,Mouse,Accessories,8982.58
S00232,97,2025-03-27,Monitor,Electronics,15338.05
S00114,17,2025-03-27,Speaker,Audio,1628.76
S00179,27,2025-03-27,Laptop,Electronics,16156.56
S01166,37,2025-03-28,Speaker,Audio,13316.18
S00497,32,2025-03-28,Tablet,Electronics,3857.98
S01563,59,2025-03-28,Tablet,Electronics,11453.03
S00160,63,2025-03-28,Headphones,Accessories,7425.24
S01457,46,2025-03-28,Laptop,Electronics,9985.07
S01016,72,2025-03-29,Speaker,Audio,15551.81
S01981,28,2025-03-29,Printer,Office,3246.1
S01321,61,2025-03-29,Tablet,Electronics,6335.82
S00424,58,2025-03-29,Camera,Electronics,13543.62
S00910,26,2025-03-29,Headphones,Accessories,16284.65
S01380,60,2025-03-29,Mouse,Accessories,22565.98
S01747,60,2025-03-30,Laptop,Electronics,8791.21
S00033,70,2025-03-30,Phone,Electronics,11500.13
S01115,1,2025-03-30,Headphones,Accessories,2607.77
S00580,77,2025-03-30,Laptop,Electronics,7206.42
S01817,32,2025-03-31,Laptop,Electronics,12790.92
S01131,10,2025-03-31,Phone,Electronics,16720.8
S01206,86,2025-03-31,Laptop,Electronics,2615.5
S00075,99,2025-03-31,Monitor,Electronics,12744.66
S01902,79,2025-04-01,Printer,Office,9523.61
S00391,89,2025-04-01,Mouse,Accessories,1458.92
S00831,26,2025-04-02,Speaker,Audio,10708.98
S00283,57,2025-04-02,Keyboard,Accessories,5552.6
S00730,36,2025-04-02,Monitor,Electronics,16904.33
S01038,54,2025-04-03,Speaker,Audio,10798.63
S01655,79,2025-04-03,Camera,Electronics,7496.3
S00500,47,2025-04-03,Phone,Electronics,18688.77
S01314,94,2025-04-03,Camera,Electronics,7305.78
S01717,17,2025-04-03,Headphones,Accessories,8805.82
S00614,92,2025-04-03,Printer,Office,11312.77
S00565,5,2025-04-03,Laptop,Electronics,5977.21
S00714,49,2025-04-03,Camera,Electronics,3846.36
S00763,17,2025-04-04,Speaker,Audio,9021.1
S00508,20,2025-04-05,Phone,Electronics,4839.59
S00364,21,2025-04-05,Mouse,Accessories,4544.23
S00717,45,2025-04-05,Speaker,Audio,5784.03
S00403,71,2025-04-05,Phone,Electronics,4771.57
S01451,61,2025-04-05,Keyboard,Accessories,5773.28
S00964,74,2025-04-05,Phone,Electronics,17262.09
S00594,53,2025-04-05,Headphones,Accessories,6136.37
S01445,49,2025-04-05,Camera,Electronics,12958.81
S00022,38,2025-04-05,Laptop,Electronics,10189.58
S01114,18,2025-04-06,Keyboard,Accessories,14561.4
S01954,10,2025-04-06,Keyboard,Accessories,17740.74
S01884,58,2025-04-06,Keyboard,Accessories,7658.28
S00319,2,2025-04-06,Speaker,Audio,5944.08
S01409,18,2025-04-07,Tablet,Electronics,6191.47
S01681,75,2025-04-07,Headphones,Accessories,3344.52
S00507,19,2025-04-07,Keyboard,Accessories,3398.27
S01140,50,2025-04-08,Speaker,Audio,5316.05
S01646,36,2025-04-09,Printer,Office,19986.53
S00985,95,2025-04-09,Tablet,Electronics,9586.67
S00585,21,2025-04-09,Printer,Office,13759.91
S00819,75,2025-04-09,Laptop,Electronics,6307.45
S01135,97,2025-04-11,Keyboard,Accessories,13214.98
S00168,95,2025-04-11,Camera,Electronics,9079.11
S01195,12,2025-04-11,Keyboard,Accessories,9112.25
S00291,69,2025-04-11,Camera,Electronics,10545.48
S01883,31,2025-04-11,Monitor,Electronics,7610.32
S01211,59,2025-04-12,Keyboard,Accessories,5970.74
S01694,19,2025-04-12,Mouse,Accessories,5265.49
S01359,14,2025-04-13,Camera,Electronics,3758.34
S01460,62,2025-04-13,Headphones,Accessories,12627.47
S01444,15,2025-04-14,Mouse,Accessories,12067.74
S01341,82,2025-04-14,Headphones,Accessories,12191.36
S01958,74,2025-04-14,Headphones,Accessories,5580.48
S00082,54,2025-04-14,Phone,Electronics,13982.03
S00546,17,2025-04-15,Headphones,Accessories,4171.15
S01093,49,2025-04-15,Tablet,Electronics,15401.64
S00349,81,2025-04-15,Mouse,Accessories,5119.78
S01069,24,2025-04-15,Monitor,Electronics,6443.56
S00486,92,2025-04-15,Headphones,Accessories,18519.28
S01577,5,2025-04-16,Laptop,Electronics,10135.65
S01953,11,2025-04-16,Printer,Office,8784.91
S00112,7,2025-04-17,Mouse,Accessories,11028.97
S01108,45,2025-04-17,Laptop,Electronics,4912.27
S01721,79,2025-04-17,Mouse,Accessories,10042.29
S00214,63,2025-04-17,Tablet,Electronics,4523.16
S00789,59,2025-04-18,Speaker,Audio,5561.45
S01214,81,2025-04-18,Keyboard,Accessories,12819.54
S01157,34,2025-04-19,Laptop,Electronics,8996.4
S01556,88,2025-04-20,Laptop,Electronics,1297.18
S00271,61,2025-04-20,Camera,Electronics,7478.12
S01963,1,2025-04-20,Monitor,Electronics,11155.49
S01807,44,2025-04-20,Printer,Office,3106.71
S01119,92,2025-04-21,Printer,Office,9459.07
S01130,32,2025-04-21,Speaker,Audio,5718.8
S01813,9,2025-04-21,Monitor,Electronics,8402.01
S00541,41,2025-04-22,Tablet,Electronics,9149.88
S01913,21,2025-04-22,Phone,Electronics,9351.7
S00844,47,2025-04-22,Phone,Electronics,17408.97
S00650,63,2025-04-22,Keyboard,Accessories,9823.02
S01570,42,2025-04-22,Keyboard,Accessories,17448.72
S01504,98,2025-04-23,Mouse,Accessories,15774.39
S01407,13,2025-04-23,Headphones,Accessories,8653.64
S00573,26,2025-04-23,Headphones,Accessories,11887.34
S00227,42,2025-04-24,Mouse,Accessories,16270.04
S00459,45,2025-04-24,Keyboard,Accessories,7012.27
S01862,83,2025-04-24,Laptop,Electronics,14067.72
S01397,82,2025-04-24,Camera,Electronics,9705.0
S01249,6,2025-04-25,Mouse,Accessories,5966.26
S00377,23,2025-04-25,Tablet,Electronics,5549.85
S01966,8,2025-04-25,Monitor,Electronics,7918.76
S00526,16,2025-04-25,Camera,Electronics,12119.05
S01816,95,2025-04-25,Phone,Electronics,10384.9
S00924,97,2025-04-25,Camera,Electronics,7334.96
S01907,42,2025-04-25,Mouse,Accessories,2942.04
S00793,33,2025-04-26,Printer,Office,4461.78
S01293,81,2025-04-26,Printer,Office,15035.94
S01920,94,2025-04-27,Tablet,Electronics,10868.52
S01224,26,2025-04-27,Speaker,Audio,11109.84
S01741,17,2025-04-28,Camera,Electronics,9549.06
S01906,39,2025-04-28,Laptop,Electronics,3802.58
S01629,91,2025-04-28,Headphones,Accessories,7710.37
S00991,69,2025-04-29,Laptop,Electronics,10234.59
S01384,37,2025-04-29,Printer,Office,7197.58
S01141,7,2025-04-30,Tablet,Electronics,9704.69
S01828,75,2025-04-30,Tablet,Electronics,2498.8
S01644,29,2025-04-30,Phone,Electronics,3665.78
S01044,73,2025-04-30,Tablet,Electronics,17399.73
S01745,38,2025-04-30,Speaker,Audio,7187.95
S01539,77,2025-05-01,Monitor,Electronics,11679.07
S00223,58,2025-05-01,Speaker,Audio,13392.53
S01234,42,2025-05-01,Mouse,Accessories,12506.75
S00670,69,2025-05-01,Headphones,Accessories,11486.32
S01373,18,2025-05-01,Phone,Electronics,4508.44
S00748,59,2025-05-02,Speaker,Audio,1797.19
S00379,96,2025-05-02,Phone,Electronics,12552.19
S00620,54,2025-05-02,Speaker,Audio,3811.72
S00015,70,2025-05-03,Phone,Electronics,10058.92
S01707,24,2025-05-04,Headphones,Accessories,8779.92
S01634,17,2025-05-04,Mouse,Accessories,8774.26
S00101,61,2025-05-04,Printer,Office,13332.61
S00023,24,2025-05-05,Camera,Electronics,16357.57
S01503,14,2025-05-05,Phone,Electronics,16783.43
S01367,93,2025-05-05,Phone,Electronics,5808.78
S00443,42,2025-05-05,Phone,Electronics,16171.65
S00972,52,2025-05-05,Phone,Electronics,13959.38
S01697,3,2025-05-05,Speaker,Audio,3277.88
S01989,37,2025-05-06,Monitor,Electronics,10323.85
S00340,44,2025-05-07,Laptop,Electronics,6605.59
S00306,34,2025-05-07,Tablet,Electronics,22634.16
S00388,17,2025-05-07,Mouse,Accessories,3924.52
S00696,61,2025-05-08,Tablet,Electronics,12834.79
S01124,4,2025-05-08,Mouse,Accessories,13813.99
S01126,8,2025-05-08,Mouse,Accessories,21921.31
S01829,84,2025-05-08,Monitor,Electronics,13062.99
S00796,21,2025-05-08,Monitor,Electronics,5680.73
S00428,5,2025-05-08,Phone,Electronics,7821.53
S01932,60,2025-05-09,Headphones,Accessories,4674.44
S01241,25,2025-05-10,Mouse,Accessories,6126.31
S01201,9,2025-05-10,Monitor,Electronics,10294.74
S01061,91,2025-05-11,Camera,Electronics,4864.98
S00055,57,2025-05-11,Speaker,Audio,5765.67
S01928,69,2025-05-11,Mouse,Accessories,10835.21
S00870,73,2025-05-11,Laptop,Electronics,12363.8
S01529,48,2025-05-12,Tablet,Electronics,3414.03
S01154,97,2025-05-12,Mouse,Accessories,12091.87
S00582,98,2025-05-12,Laptop,Electronics,3458.2
S01136,87,2025-05-12,Laptop,Electronics,4349.07
S01842,12,2025-05-12,Phone,Electronics,12776.76
S01481,5,2025-05-13,Camera,Electronics,16610.24
S00478,20,2025-05-13,Speaker,Audio,5466.17
S01324,57,2025-05-13,Tablet,Electronics,25239.71
S00561,66,2025-05-13,Monitor,Electronics,12449.11
S01676,2,2025-05-13,Monitor,Electronics,13498.81
S00370,99,2025-05-13,Camera,Electronics,5816.71
S01753,11,2025-05-14,Headphones,Accessories,9027.11
S01443,73,2025-05-14,Phone,Electronics,5345.36
S00806,24,2025-05-14,Laptop,Electronics,11986.96
S01794,33,2025-05-14,Camera,Electronics,5520.06
S00899,72,2025-05-15,Camera,Electronics,4337.81
S01178,23,2025-05-15,Tablet,Electronics,4636.61
S00264,1,2025-05-15,Monitor,Electronics,10024.69
S00840,84,2025-05-15,Speaker,Audio,18150.73
S01737,25,2025-05-16,Keyboard,Accessories,7643.43
S00476,92,2025-05-16,Monitor,Electronics,6881.87
S01505,11,2025-05-17,Monitor,Electronics,11316.97
S00736,47,2025-05-17,Printer,Office,23393.18
S01926,2,2025-05-17,Laptop,Electronics,14440.96
S00116,48,2025-05-17,Keyboard,Accessories,11071.04
S00005,87,2025-05-18,Camera,Electronics,11371.29
S00567,65,2025-05-18,Phone,Electronics,7973.33
S01670,39,2025-05-18,Tablet,Electronics,9904.78
S00170,58,2025-05-18,Keyboard,Accessories,11035.24
S01594,93,2025-05-18,Tablet,Electronics,8040.21
S01985,20,2025-05-18,Keyboard,Accessories,6121.64
S00314,69,2025-05-19,Printer,Office,5637.59
S00722,86,2025-05-19,Phone,Electronics,13375.32
S01435,18,2025-05-20,Printer,Office,15450.17
S00733,99,2025-05-20,Printer,Office,13294.6
S01608,35,2025-05-21,Speaker,Audio,18197.11
S01459,11,2025-05-21,Keyboard,Accessories,6976.68
S00169,54,2025-05-21,Keyboard,Accessories,16989.49
S00904,35,2025-05-21,Laptop,Electronics,7302.3
S00895,22,2025-05-22,Monitor,Electronics,10973.11
S00335,65,2025-05-22,Monitor,Electronics,6298.45
S01024,41,2025-05-23,Headphones,Accessories,8898.66
S01759,18,2025-05-23,Headphones,Accessories,8133.93
S00073,32,2025-05-23,Mouse,Accessories,13150.0
S01936,2,2025-05-24,Camera,Electronics,9366.3
S01286,69,2025-05-24,Printer,Office,7655.32
S00195,13,2025-05-24,Monitor,Electronics,7511.34
S00243,55,2025-05-24,Headphones,Accessories,12452.86
S00491,33,2025-05-25,Mouse,Accessories,5627.17
S01549,40,2025-05-25,Tablet,Electronics,12685.59
S00290,62,2025-05-26,Headphones,Accessories,19023.1
S00746,26,2025-05-26,Speaker,Audio,16725.1
S00262,1,2025-05-26,Phone,Electronics,4941.65
S01183,29,2025-05-27,Camera,Electronics,12953.89
S01097,13,2025-05-27,Speaker,Audio,5266.64
S00070,12,2025-05-27,Camera,Electronics,15459.52
S01450,37,2025-05-27,Monitor,Electronics,13372.85
S00437,58,2025-05-28,Phone,Electronics,9380.18
S00669,88,2025-05-29,Mouse,Accessories,8935.94
S01000,90,2025-05-29,Phone,Electronics,12805.38
S01146,67,2025-05-29,Laptop,Electronics,7122.76
S01880,49,2025-05-29,Camera,Electronics,2857.04
S01055,90,2025-05-29,Camera,Electronics,4274.88
S01641,14,2025-05-30,Laptop,Electronics,7694.12
S01507,67,2025-05-30,Headphones,Accessories,3656.86
S01619,79,2025-05-31,Mouse,Accessories,13932.36
S00346,2,2025-05-31,Monitor,Electronics,3540.9
S01693,6,2025-06-01,Headphones,Accessories,8546.23
S00418,23,2025-06-03,Monitor,Electronics,7798.82
S00692,27,2025-06-03,Monitor,Electronics,6735.07
S00047,52,2025-06-03,Keyboard,Accessories,11901.88
S01682,27,2025-06-03,Keyboard,Accessories,16153.97
S01328,62,2025-06-04,Speaker,Audio,5987.9
S01967,43,2025-06-04,Camera,Electronics,15261.46
S00955,97,2025-06-04,Laptop,Electronics,8154.42
S00922,51,2025-06-04,Phone,Electronics,16419.58
S00203,8,2025-06-04,Tablet,Electronics,15674.35
S01182,36,2025-06-05,Camera,Electronics,14064.78
S01790,32,2025-06-05,Mouse,Accessories,6517.15
S01943,5,2025-06-05,Tablet,Electronics,12813.23
S01202,98,2025-06-05,Keyboard,Accessories,7232.41
S00800,94,2025-06-06,Headphones,Accessories,9818.97
S00051,82,2025-06-06,Mouse,Accessories,9611.38
S01394,86,2025-06-06,Keyboard,Accessories,11232.87
S00821,79,2025-06-07,Keyboard,Accessories,6029.07
S00353,26,2025-06-07,Laptop,Electronics,6220.65
S01269,53,2025-06-07,Camera,Electronics,3395.87
S01271,26,2025-06-08,Keyboard,Accessories,11936.67
S01879,76,2025-06-08,Camera,Electronics,4423.99
S00699,21,2025-06-08,Headphones,Accessories,8639.75
S01806,98,2025-06-08,Headphones,Accessories,11597.74
S00226,52,2025-06-09,Printer,Office,662.59
S01335,81,2025-06-09,Speaker,Audio,21460.75
S01666,4,2025-06-09,Keyboard,Accessories,12561.72
S01305,61,2025-06-09,Phone,Electronics,13022.39
S00877,35,2025-06-09,Laptop,Electronics,11685.23
S01548,56,2025-06-10,Laptop,Electronics,4716.72
S01643,47,2025-06-11,Tablet,Electronics,11423.1
S00441,13,2025-06-11,Phone,Electronics,6982.3
S01699,58,2025-06-11,Phone,Electronics,9075.08
S01708,12,2025-06-11,Keyboard,Accessories,15442.92
S01152,67,2025-06-11,Mouse,Accessories,3271.01
S00293,16,2025-06-12,Monitor,Electronics,5714.17
S00301,94,2025-06-12,Speaker,Audio,8218.66
S00057,50,2025-06-12,Headphones,Accessories,5158.74
S00076,19,2025-06-13,Camera,Electronics,3569.82
S00135,69,2025-06-13,Phone,Electronics,16592.83
S00949,94,2025-06-13,Speaker,Audio,17228.18
S00633,79,2025-06-14,Camera,Electronics,8162.39
S00094,93,2025-06-14,Speaker,Audio,16985.34
S01228,87,2025-06-14,Headphones,Accessories,9352.66
S01077,29,2025-06-14,Camera,Electronics,6463.8
S01215,81,2025-06-14,Headphones,Accessories,15482.84
S01491,50,2025-06-15,Laptop,Electronics,6763.36
S01456,63,2025-06-15,Tablet,Electronics,10152.67
S01354,23,2025-06-15,Speaker,Audio,5534.0
S00278,76,2025-06-15,Phone,Electronics,14915.27
S01667,81,2025-06-15,Phone,Electronics,3384.21
S00811,40,2025-06-15,Printer,Office,12215.72
S00229,15,2025-06-15,Headphones,Accessories,7407.02
S01647,99,2025-06-16,Laptop,Electronics,4454.22
S00538,50,2025-06-16,Mouse,Accessories,6362.73
S00705,22,2025-06-16,Laptop,Electronics,6742.63
S01956,14,2025-06-17,Camera,Electronics,8337.76
S01531,18,2025-06-17,Tablet,Electronics,9479.87
S01776,41,2025-06-17,Camera,Electronics,3179.13
S01597,66,2025-06-17,Monitor,Electronics,9865.91
S01363,48,2025-06-18,Monitor,Electronics,6709.49
S00245,52,2025-06-18,Tablet,Electronics,11525.73
S00977,5,2025-06-19,Keyboard,Accessories,7881.45
S00139,4,2025-06-19,Monitor,Electronics,14071.04
S00850,37,2025-06-19,Laptop,Electronics,18777.79
S00774,67,2025-06-19,Monitor,Electronics,3937.62
S01495,88,2025-06-19,Camera,Electronics,21459.12
S00587,6,2025-06-20,Keyboard,Accessories,14207.44
S00017,68,2025-06-20,Speaker,Audio,13799.39
S01930,41,2025-06-20,Laptop,Electronics,3916.67
S00943,72,2025-06-21,Printer,Office,22349.33
S01585,53,2025-06-21,Monitor,Electronics,14913.81
S00833,45,2025-06-21,Speaker,Audio,6664.69
S00354,74,2025-06-21,Headphones,Accessories,13826.01
S01330,88,2025-06-21,Mouse,Accessories,10711.59
S01256,10,2025-06-21,Camera,Electronics,5650.66
S00294,90,2025-06-22,Tablet,Electronics,9584.91
S01518,40,2025-06-22,Speaker,Audio,10234.37
S01703,61,2025-06-22,Speaker,Audio,12869.82
S01478,3,2025-06-22,Laptop,Electronics,5867.06
S01679,84,2025-06-23,Laptop,Electronics,11104.5
S01864,37,2025-06-23,Printer,Office,8427.86
S00141,64,2025-06-23,Headphones,Accessories,6736.94
S01254,53,2025-06-24,Camera,Electronics,8598.05
S00596,53,2025-06-24,Printer,Office,10079.34
S00198,57,2025-06-24,Printer,Office,15747.62
S00923,38,2025-06-24,Monitor,Electronics,1595.17
S01174,7,2025-06-24,Printer,Office,12878.85
S00230,54,2025-06-24,Laptop,Electronics,7333.16
S00484,3,2025-06-24,Tablet,Electronics,11981.67
S00702,92,2025-06-25,Printer,Office,4308.68
S01982,79,2025-06-25,Headphones,Accessories,15198.28
S01791,97,2025-06-25,Speaker,Audio,2755.45
S00896,60,2025-06-25,Laptop,Electronics,4186.09
S01757,72,2025-06-25,Headphones,Accessories,9188.22
S00900,11,2025-06-26,Keyboard,Accessories,10381.11
S00014,32,2025-06-27,Headphones,Accessories,11814.34
S01571,100,2025-06-27,Laptop,Electronics,4854.86
S00735,79,2025-06-27,Speaker,Audio,9047.47
S00976,8,2025-06-27,Speaker,Audio,22667.08
S01480,5,2025-06-28,Phone,Electronics,9210.91
S00127,27,2025-06-28,Speaker,Audio,8624.23
S00989,43,2025-06-28,Monitor,Electronics,13957.0
S00838,68,2025-06-28,Printer,Office,4847.21
S00668,84,2025-06-29,Tablet,Electronics,10741.85
S01533,37,2025-06-29,Monitor,Electronics,2561.25
S00559,47,2025-06-29,Tablet,Electronics,5638.46
S01896,51,2025-06-29,Phone,Electronics,13671.64
S01308,25,2025-06-29,Keyboard,Accessories,15616.08
S00482,39,2025-06-29,Tablet,Electronics,23185.25
S01466,4,2025-06-29,Phone,Electronics,9731.26
S01934,89,2025-06-30,Camera,Electronics,9804.82
S00590,69,2025-06-30,Camera,Electronics,5502.04
S01042,21,2025-06-30,Keyboard,Accessories,12808.33
S00799,4,2025-06-30,Phone,Electronics,2624.36
S01975,47,2025-06-30,Tablet,Electronics,6786.95
S00711,90,2025-07-01,Camera,Electronics,9378.31
S00110,20,2025-07-02,Keyboard,Accessories,10123.66
S01378,24,2025-07-02,Laptop,Electronics,2938.05
S00716,90,2025-07-03,Monitor,Electronics,9749.43
S00679,55,2025-07-03,Laptop,Electronics,13518.09
S01006,82,2025-07-04,Monitor,Electronics,9258.67
S01917,26,2025-07-04,Printer,Office,7641.79
S00873,75,2025-07-05,Phone,Electronics,12575.28
S01301,40,2025-07-05,Laptop,Electronics,12398.31
S00578,27,2025-07-06,Phone,Electronics,9903.31
S01161,78,2025-07-06,Monitor,Electronics,7927.61
S00581,33,2025-07-06,Phone,Electronics,10095.41
S00967,13,2025-07-06,Mouse,Accessories,5578.79
S01235,100,2025-07-07,Laptop,Electronics,10088.7
S00151,37,2025-07-07,Headphones,Accessories,5014.22
S00113,67,2025-07-07,Tablet,Electronics,17650.02
S00131,97,2025-07-08,Mouse,Accessories,5264.67
S00366,10,2025-07-09,Printer,Office,16466.56
S00737,56,2025-07-09,Keyboard,Accessories,10948.16
S00399,61,2025-07-10,Laptop,Electronics,9586.37
S00576,86,2025-07-10,Phone,Electronics,6332.89
S00215,86,2025-07-10,Speaker,Audio,7568.78
S00458,89,2025-07-11,Laptop,Electronics,12682.15
S00834,44,2025-07-11,Speaker,Audio,2216.95
S01739,78,2025-07-12,Headphones,Accessories,7561.22
S01078,63,2025-07-12,Speaker,Audio,14147.26
S00407,52,2025-07-13,Printer,Office,11326.0
S00060,94,2025-07-14,Phone,Electronics,11289.61
S00315,4,2025-07-14,Headphones,Accessories,15795.05
S01567,45,2025-07-15,Laptop,Electronics,15007.18
S00477,58,2025-07-15,Tablet,Electronics,8988.99
S01418,62,2025-07-15,Speaker,Audio,8110.63
S00411,99,2025-07-15,Phone,Electronics,10507.29
S01780,32,2025-07-15,Phone,Electronics,7173.74
S00863,2,2025-07-15,Speaker,Audio,15581.44
S01047,74,2025-07-16,Phone,Electronics,7300.05
S00001,2,2025-07-16,Mouse,Accessories,5562.57
S00389,62,2025-07-16,Printer,Office,1513.41
S01347,26,2025-07-17,Phone,Electronics,9355.39
S01327,12,2025-07-18,Phone,Electronics,13714.94
S00430,87,2025-07-19,Headphones,Accessories,10480.87
S01237,38,2025-07-19,Keyboard,Accessories,2327.69
S01426,5,2025-07-19,Speaker,Audio,9457.57
S00043,19,2025-07-19,Tablet,Electronics,4578.52
S01709,18,2025-07-20,Headphones,Accessories,5842.85
S01500,89,2025-07-20,Camera,Electronics,13059.52
S01519,25,2025-07-20,Laptop,Electronics,3946.07
S00011,53,2025-07-20,Phone,Electronics,8683.1
S00261,12,2025-07-21,Phone,Electronics,5317.5
S00635,14,2025-07-21,Phone,Electronics,17785.1
S01690,80,2025-07-21,Phone,Electronics,16751.09
S01344,15,2025-07-22,Printer,Office,16084.56
S01232,18,2025-07-23,Laptop,Electronics,10786.95
S00554,46,2025-07-23,Keyboard,Accessories,11872.16
S01959,93,2025-07-23,Phone,Electronics,8280.46
S00341,29,2025-07-24,Tablet,Electronics,8276.47
S00286,92,2025-07-24,Speaker,Audio,7794.55
S00880,49,2025-07-24,Printer,Office,3313.67
S01668,99,2025-07-24,Camera,Electronics,10630.11
S01714,60,2025-07-25,Laptop,Electronics,7253.74
S00289,94,2025-07-26,Keyboard,Accessories,18062.82
S00038,59,2025-07-26,Phone,Electronics,4594.52
S00889,76,2025-07-26,Mouse,Accessories,9078.42
S01911,18,2025-07-26,Keyboard,Accessories,4972.62
S00034,80,2025-07-27,Printer,Office,5006.12
S01326,47,2025-07-27,Headphones,Accessories,6566.06
S00514,15,2025-07-27,Laptop,Electronics,18243.1
S00878,94,2025-07-27,Speaker,Audio,8221.59
S00362,36,2025-07-27,Camera,Electronics,13218.07
S00869,63,2025-07-27,Headphones,Accessories,14153.4
S00568,18,2025-07-27,Phone,Electronics,4280.62
S01611,30,2025-07-28,Headphones,Accessories,7978.16
S01742,84,2025-07-28,Laptop,Electronics,9991.42
S01311,3,2025-07-29,Tablet,Electronics,7966.42
S01964,5,2025-07-29,Headphones,Accessories,5845.56
S00625,54,2025-07-29,Tablet,Electronics,2877.72
S01168,85,2025-07-29,Printer,Office,6366.95
S00045,96,2025-07-29,Keyboard,Accessories,7108.64
S00375,96,2025-07-30,Laptop,Electronics,10369.7
S00703,42,2025-07-30,Keyboard,Accessories,6934.23
S00177,23,2025-07-30,Keyboard,Accessories,10085.03
S00414,52,2025-07-31,Camera,Electronics,20617.89
S01818,41,2025-07-31,Headphones,Accessories,8423.83
S01059,7,2025-07-31,Monitor,Electronics,8503.52
S00035,93,2025-08-01,Monitor,Electronics,12480.64
S00808,9,2025-08-01,Printer,Office,14426.17
S01277,36,2025-08-01,Monitor,Electronics,7275.71
S01974,37,2025-08-01,Tablet,Electronics,12373.47
S01802,38,2025-08-02,Laptop,Electronics,5217.83
S01213,96,2025-08-02,Printer,Office,11612.13
S01977,37,2025-08-02,Laptop,Electronics,10310.06
S00913,89,2025-08-03,Tablet,Electronics,6444.7
S01824,62,2025-08-03,Headphones,Accessories,11058.82
S01340,25,2025-08-04,Monitor,Electronics,4824.11
S01348,47,2025-08-04,Speaker,Audio,5401.96
S00628,94,2025-08-04,Keyboard,Accessories,13222.25
S01090,92,2025-08-05,Mouse,Accessories,10881.43
S01706,25,2025-08-05,Laptop,Electronics,7442.79
S00207,87,2025-08-05,Monitor,Electronics,9102.74
S00641,98,2025-08-05,Tablet,Electronics,12805.46
S01414,46,2025-08-05,Headphones,Accessories,8875.15
S01520,5,2025-08-05,Mouse,Accessories,12150.28
S00781,83,2025-08-06,Printer,Office,4952.92
S01929,38,2025-08-06,Mouse,Accessories,9854.81
S00098,54,2025-08-06,Printer,Office,9071.17
S01940,28,2025-08-06,Monitor,Electronics,12981.11
S01905,6,2025-08-07,Camera,Electronics,12457.36
S01109,93,2025-08-08,Keyboard,Accessories,5515.25
S00272,64,2025-08-09,Speaker,Audio,11263.72
S00390,84,2025-08-09,Keyboard,Accessories,4280.12
S01918,8,2025-08-09,Camera,Electronics,14045.84
S00449,29,2025-08-09,Laptop,Electronics,13163.06
S00515,31,2025-08-09,Tablet,Electronics,7061.21
S00845,1,2025-08-09,Phone,Electronics,3057.69
S00816,66,2025-08-09,Speaker,Audio,7320.06
S00416,100,2025-08-09,Laptop,Electronics,9435.3
S01022,78,2025-08-09,Mouse,Accessories,9880.21
S01315,98,2025-08-09,Mouse,Accessories,14525.42
S01267,65,2025-08-10,Headphones,Accessories,5128.54
S01291,83,2025-08-10,Phone,Electronics,11389.26
S00597,37,2025-08-10,Laptop,Electronics,8375.89
S00088,38,2025-08-11,Monitor,Electronics,13704.23
S00126,27,2025-08-11,Monitor,Electronics,10609.92
S01134,34,2025-08-12,Printer,Office,6494.26
S01306,43,2025-08-12,Mouse,Accessories,8793.37
S00206,76,2025-08-13,Laptop,Electronics,10753.77
S00592,5,2025-08-14,Keyboard,Accessories,15600.2
S01494,17,2025-08-14,Camera,Electronics,9329.06
S01151,54,2025-08-14,Printer,Office,23375.8
S01461,77,2025-08-14,Phone,Electronics,2837.22
S00678,23,2025-08-15,Mouse,Accessories,11736.03
S00823,94,2025-08-15,Headphones,Accessories,10978.56
S01625,20,2025-08-15,Keyboard,Accessories,3645.29
S00887,9,2025-08-16,Printer,Office,17275.32
S00528,76,2025-08-16,Tablet,Electronics,10105.16
S00172,46,2025-08-16,Headphones,Accessories,6567.3
S01472,54,2025-08-16,Tablet,Electronics,15680.47
S01731,24,2025-08-17,Monitor,Electronics,7413.08
S00008,1,2025-08-17,Monitor,Electronics,11805.34
S00465,61,2025-08-17,Headphones,Accessories,7557.83
S01696,69,2025-08-17,Keyboard,Accessories,9479.51
S01991,26,2025-08-18,Camera,Electronics,10623.66
S00920,14,2025-08-19,Camera,Electronics,4557.41
S01424,25,2025-08-19,Mouse,Accessories,7447.56
S01116,78,2025-08-19,Mouse,Accessories,26405.7
S00931,97,2025-08-20,Camera,Electronics,14888.36
S01017,92,2025-08-20,Headphones,Accessories,8631.42
S00255,55,2025-08-20,Speaker,Audio,5847.31
S01288,33,2025-08-20,Monitor,Electronics,12137.25
S00059,31,2025-08-20,Laptop,Electronics,27554.98
S01316,12,2025-08-20,Laptop,Electronics,11939.51
S00247,13,2025-08-21,Speaker,Audio,13868.1
S01210,30,2025-08-21,Phone,Electronics,17253.5
S00709,5,2025-08-21,Laptop,Electronics,11244.89
S01853,93,2025-08-21,Keyboard,Accessories,10265.42
S00253,92,2025-08-22,Keyboard,Accessories,7334.83
S00187,39,2025-08-22,Phone,Electronics,12864.09
S01034,87,2025-08-22,Phone,Electronics,8328.18
S01120,94,2025-08-22,Tablet,Electronics,7101.6
S00435,9,2025-08-22,Keyboard,Accessories,8812.71
S01404,42,2025-08-22,Phone,Electronics,6014.7
S00663,10,2025-08-22,Phone,Electronics,3085.86
S00893,40,2025-08-22,Monitor,Electronics,12657.84
S00213,87,2025-08-23,Monitor,Electronics,10189.87
S01897,96,2025-08-23,Keyboard,Accessories,9943.81
S00252,19,2025-08-23,Headphones,Accessories,19741.9
S00323,84,2025-08-23,Phone,Electronics,5134.66
S00612,32,2025-08-23,Phone,Electronics,3579.74
S00797,70,2025-08-23,Headphones,Accessories,20110.68
S00312,96,2025-08-23,Mouse,Accessories,6775.07
S01272,29,2025-08-23,Phone,Electronics,16770.91
S00980,68,2025-08-24,Speaker,Audio,7246.56
S01698,1,2025-08-24,Printer,Office,12815.54
S01797,33,2025-08-24,Mouse,Accessories,11110.89
S00427,95,2025-08-24,Camera,Electronics,8508.87
S01470,93,2025-08-24,Phone,Electronics,10489.06
S01125,1,2025-08-25,Camera,Electronics,11052.38
S00003,92,2025-08-25,Headphones,Accessories,9494.85
S00839,19,2025-08-26,Speaker,Audio,7583.48
S01403,99,2025-08-27,Monitor,Electronics,14077.03
S01336,87,2025-08-28,Phone,Electronics,4080.52
S00347,35,2025-08-28,Laptop,Electronics,3889.07
S00426,14,2025-08-29,Printer,Office,17163.59
S00292,76,2025-08-29,Monitor,Electronics,10987.45
S01448,12,2025-08-29,Printer,Office,8770.48
S00820,4,2025-08-30,Laptop,Electronics,12185.91
S01683,67,2025-08-30,Laptop,Electronics,18887.79
S01054,25,2025-08-30,Speaker,Audio,7844.23
S00826,57,2025-08-31,Tablet,Electronics,18738.71
S00307,52,2025-08-31,Laptop,Electronics,2899.75
S00902,60,2025-08-31,Phone,Electronics,16084.31
S00742,87,2025-08-31,Keyboard,Accessories,4756.23
S00447,66,2025-08-31,Laptop,Electronics,9642.25
S01162,32,2025-08-31,Phone,Electronics,5144.06
S00277,67,2025-09-01,Phone,Electronics,8402.97
S00690,96,2025-09-01,Keyboard,Accessories,10312.0
S00917,40,2025-09-02,Printer,Office,2671.8
S00529,24,2025-09-02,Mouse,Accessories,14195.66
S01362,9,2025-09-02,Phone,Electronics,11873.44
S00218,58,2025-09-02,Speaker,Audio,15355.87
S00966,38,2025-09-03,Tablet,Electronics,5961.84
S01579,58,2025-09-03,Laptop,Electronics,4922.11
S01935,84,2025-09-03,Camera,Electronics,6142.62
S01118,66,2025-09-03,Mouse,Accessories,3962.81
S01653,33,2025-09-04,Tablet,Electronics,3385.69
S00783,41,2025-09-04,Printer,Office,7313.06
S01882,85,2025-09-05,Laptop,Electronics,21982.48
S01754,64,2025-09-05,Camera,Electronics,5960.38
S01844,12,2025-09-05,Speaker,Audio,4856.06
S01976,76,2025-09-05,Mouse,Accessories,15397.63
S00134,97,2025-09-06,Tablet,Electronics,3303.81
S00611,65,2025-09-06,Keyboard,Accessories,8061.08
S00412,12,2025-09-06,Phone,Electronics,8218.96
S01979,44,2025-09-06,Camera,Electronics,13988.33
S00419,16,2025-09-06,Printer,Office,7729.87
S01145,57,2025-09-07,Mouse,Accessories,7112.65
S00238,6,2025-09-07,Monitor,Electronics,11140.81
S01222,22,2025-09-07,Camera,Electronics,9052.36
S01400,42,2025-09-07,Monitor,Electronics,6205.01
S01501,73,2025-09-07,Monitor,Electronics,12015.51
S00665,17,2025-09-08,Headphones,Accessories,11635.81
S01640,50,2025-09-08,Speaker,Audio,3390.16
S00646,30,2025-09-09,Headphones,Accessories,16531.58
S01514,76,2025-09-09,Camera,Electronics,7453.48
S00749,56,2025-09-09,Monitor,Electronics,10840.47
S00867,84,2025-09-09,Keyboard,Accessories,6122.48
S00181,90,2025-09-10,Tablet,Electronics,8491.13
S01105,30,2025-09-10,Tablet,Electronics,13974.97
S00619,34,2025-09-10,Tablet,Electronics,6749.32
S01153,51,2025-09-10,Keyboard,Accessories,6849.82
S01663,46,2025-09-10,Printer,Office,3901.13
S00563,56,2025-09-10,Phone,Electronics,7938.31
S00025,98,2025-09-11,Laptop,Electronics,13491.81
S00521,57,2025-09-11,Tablet,Electronics,5111.63
S01372,99,2025-09-11,Camera,Electronics,5618.98
S01465,52,2025-09-11,Speaker,Audio,9703.56
S00772,68,2025-09-11,Tablet,Electronics,12441.3
S01048,52,2025-09-12,Speaker,Audio,9783.09
S01052,35,2025-09-12,Keyboard,Accessories,11328.5
S01620,94,2025-09-12,Mouse,Accessories,6034.16
S01861,18,2025-09-12,Monitor,Electronics,14304.48
S00361,29,2025-09-12,Keyboard,Accessories,11935.44
S00136,61,2025-09-12,Speaker,Audio,6728.58
S00725,63,2025-09-12,Camera,Electronics,3324.78
S01865,96,2025-09-12,Camera,Electronics,16563.92
S00241,47,2025-09-13,Phone,Electronics,5574.47
S01783,54,2025-09-13,Phone,Electronics,7350.28
S01063,91,2025-09-13,Camera,Electronics,11995.05
S00671,34,2025-09-13,Tablet,Electronics,7308.62
S00794,53,2025-09-13,Laptop,Electronics,8981.21
S01307,42,2025-09-13,Monitor,Electronics,13461.42
S00741,28,2025-09-14,Tablet,Electronics,12274.44
S00103,100,2025-09-14,Camera,Electronics,7397.0
S00879,95,2025-09-14,Tablet,Electronics,9189.73
S01942,35,2025-09-14,Laptop,Electronics,19005.62
S01274,11,2025-09-14,Tablet,Electronics,13995.65
S00956,27,2025-09-14,Mouse,Accessories,10226.93
S00012,44,2025-09-15,Mouse,Accessories,9039.0
S00555,35,2025-09-15,Monitor,Electronics,10670.52
S01439,48,2025-09-15,Tablet,Electronics,13530.2
S00378,62,2025-09-16,Mouse,Accessories,8800.49
S00962,10,2025-09-16,Laptop,Electronics,26895.66
S01826,62,2025-09-16,Camera,Electronics,9357.99
S00071,69,2025-09-16,Tablet,Electronics,4960.22
S01071,71,2025-09-16,Tablet,Electronics,7562.77
S01073,70,2025-09-16,Speaker,Audio,6176.95
S01787,33,2025-09-16,Tablet,Electronics,6849.85
S01416,62,2025-09-17,Keyboard,Accessories,15482.8
S01046,9,2025-09-17,Printer,Office,6682.15
S00020,56,2025-09-17,Headphones,Accessories,14384.87
S01074,88,2025-09-17,Headphones,Accessories,7224.65
S00776,100,2025-09-17,Phone,Electronics,7076.83
S00186,48,2025-09-17,Monitor,Electronics,7767.51
S01193,67,2025-09-17,Laptop,Electronics,8059.8
S01302,17,2025-09-18,Speaker,Audio,11912.75
S01287,56,2025-09-18,Monitor,Electronics,11769.46
S01705,64,2025-09-18,Phone,Electronics,19870.6
S00052,1,2025-09-18,Camera,Electronics,17008.41
S00516,1,2025-09-19,Monitor,Electronics,8527.33
S00032,59,2025-09-19,Headphones,Accessories,20504.85
S01891,20,2025-09-20,Camera,Electronics,4136.94
S01908,58,2025-09-20,Tablet,Electronics,11241.71
S00456,17,2025-09-20,Monitor,Electronics,9079.32
S01490,35,2025-09-20,Monitor,Electronics,6499.35
S01569,53,2025-09-20,Speaker,Audio,11149.25
S00402,9,2025-09-21,Phone,Electronics,7508.87
S01583,10,2025-09-21,Keyboard,Accessories,17420.07
S01163,46,2025-09-21,Laptop,Electronics,7616.64
S00265,34,2025-09-21,Speaker,Audio,8380.08
S01593,77,2025-09-21,Mouse,Accessories,9271.82
S01379,99,2025-09-22,Headphones,Accessories,4975.47
S01586,30,2025-09-22,Mouse,Accessories,5724.68
S00564,30,2025-09-22,Laptop,Electronics,18886.23
S00719,73,2025-09-22,Tablet,Electronics,20483.66
S00503,85,2025-09-22,Tablet,Electronics,13459.01
S00571,11,2025-09-23,Mouse,Accessories,21453.04
S00643,50,2025-09-23,Speaker,Audio,14181.72
S00348,87,2025-09-23,Laptop,Electronics,8072.66
S01173,82,2025-09-23,Tablet,Electronics,11651.74
S00036,3,2025-09-23,Phone,Electronics,9449.09
S01087,49,2025-09-23,Camera,Electronics,7498.31
S00221,22,2025-09-24,Printer,Office,16173.07
S01669,13,2025-09-24,Keyboard,Accessories,7546.15
S00652,52,2025-09-25,Camera,Electronics,6629.97
S00616,72,2025-09-25,Monitor,Electronics,16687.17
S01656,32,2025-09-25,Monitor,Electronics,17985.08
S01618,60,2025-09-25,Camera,Electronics,11535.93
S01552,91,2025-09-26,Laptop,Electronics,1866.64
S00398,12,2025-09-26,Printer,Office,15089.26
S01186,2,2025-09-26,Phone,Electronics,13817.35
S00150,99,2025-09-26,Keyboard,Accessories,8097.34
S02000,78,2025-09-26,Keyboard,Accessories,8565.87
S01289,36,2025-09-27,Speaker,Audio,2196.38
S01442,79,2025-09-27,Keyboard,Accessories,9797.85
S01029,46,2025-09-28,Monitor,Electronics,8553.98
S00660,5,2025-09-28,Tablet,Electronics,7119.12
S00248,30,2025-09-28,Monitor,Electronics,14030.38
S01103,62,2025-09-28,Keyboard,Accessories,10890.39
S00792,70,2025-09-29,Monitor,Electronics,5612.07
S01454,39,2025-09-29,Phone,Electronics,8725.48
S01903,34,2025-09-29,Laptop,Electronics,8523.32
S01526,38,2025-09-30,Laptop,Electronics,7280.61
S01845,13,2025-09-30,Phone,Electronics,15468.38
S00417,53,2025-09-30,Monitor,Electronics,27562.81
S00694,32,2025-09-30,Speaker,Audio,8317.37
S01730,53,2025-09-30,Phone,Electronics,8736.71
S01716,89,2025-09-30,Printer,Office,7688.63
S00623,12,2025-09-30,Phone,Electronics,8767.78
S01304,89,2025-09-30,Phone,Electronics,6721.59
S01584,32,2025-10-01,Camera,Electronics,15054.82
S00542,100,2025-10-01,Tablet,Electronics,5263.08
S01356,85,2025-10-01,Laptop,Electronics,8959.21
S01117,47,2025-10-02,Printer,Office,16906.77
S01713,72,2025-10-02,Keyboard,Accessories,9315.51
S01160,88,2025-10-02,Laptop,Electronics,6894.38
S00422,53,2025-10-03,Speaker,Audio,10769.16
S00984,27,2025-10-04,Headphones,Accessories,9809.14
S01635,10,2025-10-04,Headphones,Accessories,16276.95
S01867,59,2025-10-04,Phone,Electronics,4344.5
S01796,30,2025-10-04,Monitor,Electronics,13991.22
S01028,1,2025-10-04,Speaker,Audio,7336.33
S00959,68,2025-10-04,Phone,Electronics,6730.56
S00535,8,2025-10-05,Mouse,Accessories,9707.82
S00932,66,2025-10-05,Speaker,Audio,9735.45
S01889,4,2025-10-05,Tablet,Electronics,5928.62
S01121,38,2025-10-05,Headphones,Accessories,6711.5
S00095,18,2025-10-06,Printer,Office,12908.91
S01811,67,2025-10-06,Tablet,Electronics,13775.76
S00420,57,2025-10-06,Laptop,Electronics,16775.97
S01489,61,2025-10-07,Printer,Office,10887.45
S01132,74,2025-10-07,Speaker,Audio,11143.12
S00759,28,2025-10-07,Printer,Office,17609.72
S00345,46,2025-10-07,Printer,Office,10925.74
S00841,97,2025-10-07,Monitor,Electronics,7557.69
S00173,24,2025-10-08,Speaker,Audio,8808.49
S00836,70,2025-10-08,Keyboard,Accessories,5842.06
S01437,37,2025-10-09,Camera,Electronics,14046.15
S00604,73,2025-10-09,Phone,Electronics,5778.42
S00649,51,2025-10-09,Mouse,Accessories,6394.5
S01961,76,2025-10-09,Keyboard,Accessories,7135.07
S01886,24,2025-10-09,Speaker,Audio,8180.63
S01751,88,2025-10-11,Keyboard,Accessories,11187.35
S01259,26,2025-10-11,Camera,Electronics,10614.93
S00297,85,2025-10-11,Monitor,Electronics,9727.63
S01685,56,2025-10-12,Tablet,Electronics,6314.55
S01434,68,2025-10-12,Speaker,Audio,9598.93
S01916,99,2025-10-12,Printer,Office,9643.67
S01231,70,2025-10-13,Mouse,Accessories,15933.56
S01345,59,2025-10-15,Mouse,Accessories,5775.36
S01772,11,2025-10-15,Keyboard,Accessories,5421.43
S00155,53,2025-10-15,Camera,Electronics,15343.91
S00041,90,2025-10-15,Camera,Electronics,17039.96
S01331,83,2025-10-16,Phone,Electronics,13457.15
S01511,67,2025-10-16,Laptop,Electronics,14686.3
S01616,63,2025-10-17,Mouse,Accessories,12985.08
S01610,83,2025-10-17,Keyboard,Accessories,7313.25
S01775,88,2025-10-18,Laptop,Electronics,9805.77
S00504,75,2025-10-19,Tablet,Electronics,11166.62
S01230,75,2025-10-19,Keyboard,Accessories,6209.94
S00072,37,2025-10-19,Printer,Office,6060.75
S01892,60,2025-10-20,Tablet,Electronics,7184.8
S00685,4,2025-10-20,Mouse,Accessories,25078.17
S00684,8,2025-10-20,Printer,Office,5501.87
S00037,20,2025-10-20,Laptop,Electronics,9602.36
S00376,24,2025-10-20,Camera,Electronics,7429.5
S01005,62,2025-10-20,Tablet,Electronics,14067.82
S01492,82,2025-10-20,Phone,Electronics,14195.28
S01452,43,2025-10-20,Printer,Office,13323.84
S01142,93,2025-10-20,Speaker,Audio,5721.28
S01463,25,2025-10-21,Keyboard,Accessories,14288.39
S01893,24,2025-10-21,Mouse,Accessories,5149.19
S00104,33,2025-10-23,Mouse,Accessories,9931.03
S00269,1,2025-10-23,Keyboard,Accessories,8078.28
S01199,38,2025-10-23,Monitor,Electronics,2738.24
S00250,17,2025-10-23,Phone,Electronics,9401.66
S00595,23,2025-10-24,Phone,Electronics,12671.3
S00384,23,2025-10-24,Printer,Office,14229.31
S00246,16,2025-10-25,Mouse,Accessories,4902.27
S01031,90,2025-10-25,Camera,Electronics,10098.81
S00653,38,2025-10-25,Laptop,Electronics,6607.79
S01056,75,2025-10-26,Mouse,Accessories,10505.09
S00380,37,2025-10-26,Headphones,Accessories,5804.88
S01659,58,2025-10-27,Speaker,Audio,12182.26
S00927,15,2025-10-27,Keyboard,Accessories,4245.79
S01198,37,2025-10-27,Mouse,Accessories,12255.94
S00864,13,2025-10-27,Phone,Electronics,4081.94
S01246,27,2025-10-29,Camera,Electronics,19014.63
S00178,66,2025-10-29,Laptop,Electronics,6542.22
S01662,98,2025-10-30,Phone,Electronics,5557.93
S00159,97,2025-10-30,Tablet,Electronics,9142.93
S01626,96,2025-10-30,Camera,Electronics,10361.6
S00310,19,2025-10-30,Keyboard,Accessories,7273.09
S00934,53,2025-10-30,Mouse,Accessories,18735.8
S01405,34,2025-10-30,Keyboard,Accessories,5885.22
S01912,40,2025-10-30,Headphones,Accessories,9990.13
S01265,2,2025-10-31,Camera,Electronics,5136.27
S00846,90,2025-10-31,Mouse,Accessories,14459.73
S01875,63,2025-10-31,Mouse,Accessories,16316.05
S00708,1,2025-10-31,Printer,Office,8385.3
S01684,81,2025-10-31,Speaker,Audio,8259.2
S01909,12,2025-11-02,Speaker,Audio,5456.24
S01464,71,2025-11-02,Mouse,Accessories,15771.14
S00624,65,2025-11-02,Keyboard,Accessories,6310.32
S00100,80,2025-11-02,Speaker,Audio,13964.36
S01190,20,2025-11-02,Printer,Office,12539.81
S00963,5,2025-11-03,Monitor,Electronics,24866.89
S00551,92,2025-11-03,Headphones,Accessories,9844.79
S01735,46,2025-11-03,Speaker,Audio,14060.86
S00570,49,2025-11-03,Laptop,Electronics,13131.75
S00302,23,2025-11-03,Monitor,Electronics,16693.97
S00242,99,2025-11-03,Phone,Electronics,13445.98
S01678,78,2025-11-04,Laptop,Electronics,12496.83
S00866,2,2025-11-04,Tablet,Electronics,21574.58
S00817,84,2025-11-04,Monitor,Electronics,1606.65
S01252,98,2025-11-04,Headphones,Accessories,9696.05
S00440,46,2025-11-04,Keyboard,Accessories,16715.46
S00189,42,2025-11-04,Phone,Electronics,5114.99
S00919,39,2025-11-05,Camera,Electronics,12681.42
S00672,6,2025-11-05,Headphones,Accessories,14457.58
S01350,10,2025-11-05,Printer,Office,8234.07
S01300,73,2025-11-05,Laptop,Electronics,5851.95
S01990,20,2025-11-05,Printer,Office,6297.99
S01039,55,2025-11-05,Phone,Electronics,8139.74
S01994,35,2025-11-06,Monitor,Electronics,11227.75
S00750,7,2025-11-07,Phone,Electronics,14687.96
S00926,63,2025-11-07,Laptop,Electronics,3924.46
S01067,51,2025-11-07,Printer,Office,15046.78
S00356,34,2025-11-07,Headphones,Accessories,22826.29
S01428,94,2025-11-07,Keyboard,Accessories,10100.74
S01176,7,2025-11-07,Keyboard,Accessories,15964.24
S00527,72,2025-11-09,Keyboard,Accessories,6524.12
S01096,96,2025-11-10,Speaker,Audio,7759.73
S01402,55,2025-11-11,Speaker,Audio,7260.63
S01546,58,2025-11-11,Laptop,Electronics,5066.66
S00093,25,2025-11-12,Phone,Electronics,2976.79
S00622,50,2025-11-12,Camera,Electronics,3794.23
S01575,60,2025-11-13,Camera,Electronics,2890.87
S00654,97,2025-11-13,Phone,Electronics,5277.14
S01009,60,2025-11-13,Speaker,Audio,8165.35
S00009,19,2025-11-13,Laptop,Electronics,7142.55
S00140,35,2025-11-13,Printer,Office,5953.41
S00222,58,2025-11-13,Printer,Office,9570.16
S01355,26,2025-11-14,Speaker,Audio,7682.38
S00237,68,2025-11-14,Headphones,Accessories,5189.55
S00681,95,2025-11-14,Mouse,Accessories,10447.88
S01850,100,2025-11-14,Speaker,Audio,15284.83
S00572,85,2025-11-14,Headphones,Accessories,13469.6
S01755,77,2025-11-14,Phone,Electronics,5188.86
S00600,83,2025-11-14,Monitor,Electronics,8954.04
S01744,9,2025-11-14,Speaker,Audio,9538.93
S00890,99,2025-11-14,Headphones,Accessories,12670.33
S00640,64,2025-11-15,Keyboard,Accessories,9586.31
S00496,45,2025-11-15,Headphones,Accessories,16259.7
S00473,67,2025-11-15,Speaker,Audio,15793.5
S01530,90,2025-11-15,Printer,Office,28891.48
S01041,15,2025-11-15,Keyboard,Accessories,10775.36
S01832,6,2025-11-16,Laptop,Electronics,10821.6
S00234,53,2025-11-16,Phone,Electronics,5186.16
S01417,93,2025-11-16,Printer,Office,17812.71
S00396,49,2025-11-16,Phone,Electronics,13737.49
S01091,63,2025-11-16,Monitor,Electronics,8019.46
S01657,51,2025-11-17,Speaker,Audio,17109.72
S01509,29,2025-11-17,Phone,Electronics,9690.06
S01887,20,2025-11-18,Camera,Electronics,16996.63
S01177,33,2025-11-18,Monitor,Electronics,11828.64
S00680,80,2025-11-18,Printer,Office,8152.19
S00747,14,2025-11-19,Tablet,Electronics,8539.82
S00481,61,2025-11-20,Monitor,Electronics,2695.6
S01011,76,2025-11-20,Headphones,Accessories,14451.23
S00547,73,2025-11-20,Laptop,Electronics,14402.82
S01767,45,2025-11-21,Phone,Electronics,6209.32
S00987,36,2025-11-21,Mouse,Accessories,18815.23
S01831,4,2025-11-21,Speaker,Audio,26747.03
S01253,12,2025-11-21,Mouse,Accessories,7308.38
S00847,14,2025-11-21,Camera,Electronics,13933.58
S00199,36,2025-11-21,Printer,Office,23601.82
S00509,57,2025-11-22,Headphones,Accessories,12562.54
S01873,93,2025-11-22,Headphones,Accessories,5408.3
S01652,11,2025-11-22,Printer,Office,5624.81
S00944,42,2025-11-23,Tablet,Electronics,15442.25
S00710,12,2025-11-23,Headphones,Accessories,8965.49
S01088,20,2025-11-24,Keyboard,Accessories,10708.9
S01722,27,2025-11-24,Keyboard,Accessories,2341.11
S01062,34,2025-11-25,Keyboard,Accessories,5766.2
S01094,71,2025-11-26,Speaker,Audio,11503.0
S00715,78,2025-11-26,Camera,Electronics,19996.1
S01343,12,2025-11-26,Headphones,Accessories,3271.5
S00069,48,2025-11-26,Laptop,Electronics,8787.8
S00063,7,2025-11-27,Printer,Office,3397.34
S01076,49,2025-11-27,Laptop,Electronics,7869.91
S00518,3,2025-11-27,Phone,Electronics,11357.1
S01352,71,2025-11-28,Printer,Office,6312.99
S00522,75,2025-11-28,Phone,Electronics,10293.24
S01208,81,2025-11-28,Laptop,Electronics,15827.59
S01187,1,2025-11-29,Headphones,Accessories,5812.65
S01133,83,2025-11-29,Keyboard,Accessories,7432.31
S01396,13,2025-11-29,Mouse,Accessories,9926.27
S00305,100,2025-11-29,Headphones,Accessories,11977.01
S00039,36,2025-11-29,Printer,Office,14984.07
S01406,30,2025-11-30,Camera,Electronics,5733.19
S01258,17,2025-11-30,Monitor,Electronics,4872.6
S00712,46,2025-11-30,Phone,Electronics,11101.51
S01216,14,2025-12-01,Phone,Electronics,17967.84
S01049,57,2025-12-02,Printer,Office,11305.68
S00511,47,2025-12-02,Monitor,Electronics,7092.43
S01971,64,2025-12-02,Phone,Electronics,9525.64
S00767,25,2025-12-02,Tablet,Electronics,14558.69
S00409,16,2025-12-02,Camera,Electronics,12208.5
S00117,76,2025-12-02,Headphones,Accessories,22478.05
S01898,36,2025-12-03,Monitor,Electronics,20199.76
S00973,56,2025-12-03,Laptop,Electronics,18529.74
S00147,93,2025-12-04,Keyboard,Accessories,17100.2
S00085,75,2025-12-05,Laptop,Electronics,16465.98
S00303,10,2025-12-05,Phone,Electronics,6180.49
S00765,90,2025-12-05,Tablet,Electronics,8428.12
S00492,38,2025-12-06,Tablet,Electronics,24612.29
S00609,4,2025-12-07,Laptop,Electronics,15167.78
S00974,15,2025-12-07,Laptop,Electronics,10998.87
S00779,8,2025-12-07,Mouse,Accessories,13572.64
S00016,32,2025-12-08,Keyboard,Accessories,13256.82
S01799,26,2025-12-08,Laptop,Electronics,4278.67
S00738,86,2025-12-08,Printer,Office,10667.75
S01282,98,2025-12-08,Speaker,Audio,13146.35
S01376,14,2025-12-08,Keyboard,Accessories,7392.36
S01204,44,2025-12-08,Laptop,Electronics,5860.83
S00560,25,2025-12-08,Printer,Office,16162.18
S01508,92,2025-12-09,Tablet,Electronics,13072.72
S01476,90,2025-12-09,Headphones,Accessories,8731.68
S01488,20,2025-12-09,Laptop,Electronics,5872.64
S00744,88,2025-12-09,Laptop,Electronics,2796.43
S00958,33,2025-12-10,Speaker,Audio,16520.64
S00519,16,2025-12-10,Speaker,Audio,24418.57
S00143,17,2025-12-11,Phone,Electronics,12502.29
S00524,74,2025-12-11,Phone,Electronics,5281.99
S01993,1,2025-12-11,Monitor,Electronics,12504.58
S00636,66,2025-12-12,Camera,Electronics,6837.79
S00942,51,2025-12-13,Keyboard,Accessories,1586.08
S01810,61,2025-12-13,Printer,Office,10994.29
S00755,99,2025-12-13,Monitor,Electronics,17359.31
S00810,31,2025-12-14,Headphones,Accessories,10945.31
S01209,74,2025-12-14,Headphones,Accessories,9000.23
S00812,36,2025-12-14,Phone,Electronics,15262.61
S00892,1,2025-12-14,Camera,Electronics,10168.35
S00200,45,2025-12-14,Tablet,Electronics,12874.49
S01270,36,2025-12-14,Keyboard,Accessories,5222.72
S01846,25,2025-12-15,Monitor,Electronics,9286.23
S00324,24,2025-12-15,Keyboard,Accessories,10556.14
S00601,17,2025-12-15,Phone,Electronics,9215.46
S01555,6,2025-12-16,Camera,Electronics,12835.01
S01988,73,2025-12-16,Tablet,Electronics,9727.55
S00327,35,2025-12-17,Headphones,Accessories,9717.27
S01645,76,2025-12-17,Speaker,Audio,5500.13
S01758,21,2025-12-17,Headphones,Accessories,8053.54
S01482,54,2025-12-17,Speaker,Audio,9425.28
S01632,12,2025-12-18,Laptop,Electronics,12425.81
S00718,27,2025-12-19,Speaker,Audio,11414.48
S01701,15,2025-12-19,Laptop,Electronics,6461.61
S01200,94,2025-12-19,Camera,Electronics,17137.3
S00933,78,2025-12-19,Mouse,Accessories,8691.44
S01197,5,2025-12-19,Tablet,Electronics,4961.79
S01621,37,2025-12-19,Tablet,Electronics,6850.99
S00050,39,2025-12-19,Monitor,Electronics,7057.86
S00211,66,2025-12-19,Phone,Electronics,9967.65
S00552,29,2025-12-20,Printer,Office,7633.84
S00493,6,2025-12-20,Speaker,Audio,11550.18
S01771,8,2025-12-21,Tablet,Electronics,9958.61
S01779,46,2025-12-21,Laptop,Electronics,2948.48
S01590,100,2025-12-22,Speaker,Audio,6618.11
S01365,59,2025-12-22,Printer,Office,19794.3
S00336,33,2025-12-22,Tablet,Electronics,11603.25
S00707,70,2025-12-23,Laptop,Electronics,11352.52
S01849,55,2025-12-23,Laptop,Electronics,14456.06
S01623,22,2025-12-24,Phone,Electronics,10027.02
S00062,99,2025-12-25,Speaker,Audio,4903.17
S00770,84,2025-12-25,Mouse,Accessories,7927.5
S01978,49,2025-12-25,Headphones,Accessories,8940.2
S00298,39,2025-12-25,Camera,Electronics,16650.79
S01821,72,2025-12-26,Mouse,Accessories,8392.59
S01440,65,2025-12-26,Laptop,Electronics,15598.46
S01605,60,2025-12-26,Keyboard,Accessories,6835.0
S01637,22,2025-12-26,Camera,Electronics,3791.05
S00605,1,2025-12-26,Mouse,Accessories,9315.98
S01688,21,2025-12-26,Monitor,Electronics,5947.04
S00439,7,2025-12-27,Tablet,Electronics,2310.33
S01786,20,2025-12-28,Headphones,Accessories,14269.35
S00385,89,2025-12-28,Laptop,Electronics,8173.26
S01408,13,2025-12-28,Printer,Office,14490.85
S01025,86,2025-12-29,Monitor,Electronics,4239.07
S00837,26,2025-12-30,Laptop,Electronics,18434.5
S00193,25,2025-12-30,Printer,Office,10166.53
S00260,9,2025-12-30,Phone,Electronics,5315.98
S01219,66,2025-12-30,Keyboard,Accessories,28957.06
S01317,19,2025-12-30,Laptop,Electronics,9442.03
S00099,35,2025-12-31,Mouse,Accessories,11128.43
S00658,51,2025-12-31,Headphones,Accessories,13149.84
S01358,7,2025-12-31,Laptop,Electronics,14965.15
S00074,9,2025-12-31,Camera,Electronics,4097.75
S01724,50,2025-12-31,Mouse,Accessories,12303.33
S01650,7,2025-12-31,Monitor,Electronics,21897.57
S00588,92,2026-01-01,Mouse,Accessories,9459.88
S00762,57,2026-01-01,Camera,Electronics,7082.99
S00637,75,2026-01-01,Camera,Electronics,3914.32
S00359,58,2026-01-02,Tablet,Electronics,7968.01
S00579,49,2026-01-02,Speaker,Audio,10017.97
S00254,58,2026-01-03,Speaker,Audio,11937.99
S00274,69,2026-01-03,Mouse,Accessories,6749.32
S01671,15,2026-01-03,Printer,Office,2616.06
S01229,37,2026-01-03,Camera,Electronics,11279.31
S01938,17,2026-01-03,Camera,Electronics,9503.61
S00787,64,2026-01-03,Phone,Electronics,3007.03
S01761,64,2026-01-04,Camera,Electronics,5541.19
S01538,69,2026-01-04,Mouse,Accessories,2943.51
S01665,29,2026-01-04,Mouse,Accessories,13535.72
S01763,95,2026-01-05,Keyboard,Accessories,10278.36
S01624,68,2026-01-05,Laptop,Electronics,9570.7
S01691,59,2026-01-05,Tablet,Electronics,12665.19
S00273,63,2026-01-05,Camera,Electronics,9144.19
S00830,8,2026-01-06,Mouse,Accessories,10762.73
S01615,98,2026-01-06,Mouse,Accessories,10530.32
S01430,3,2026-01-06,Camera,Electronics,6932.33
S00843,12,2026-01-06,Printer,Office,15240.42
S01823,92,2026-01-07,Monitor,Electronics,9144.56
S00950,27,2026-01-07,Phone,Electronics,7961.16
S01525,79,2026-01-08,Tablet,Electronics,12504.73
S00764,86,2026-01-08,Monitor,Electronics,13168.56
S00784,6,2026-01-08,Mouse,Accessories,18095.8
S00021,17,2026-01-08,Laptop,Electronics,7656.77
S01361,7,2026-01-08,Monitor,Electronics,5628.79
S00697,51,2026-01-08,Laptop,Electronics,8907.71
S00968,31,2026-01-08,Laptop,Electronics,5165.32
S00544,27,2026-01-08,Monitor,Electronics,8875.2
S01081,28,2026-01-09,Keyboard,Accessories,5177.47
S01319,59,2026-01-09,Headphones,Accessories,11816.19
S00851,11,2026-01-10,Laptop,Electronics,2215.28
S00584,1,2026-01-11,Speaker,Audio,10814.47
S01521,11,2026-01-11,Printer,Office,7237.3
S01412,99,2026-01-11,Keyboard,Accessories,3957.82
S01752,72,2026-01-12,Phone,Electronics,8370.13
S01628,68,2026-01-12,Tablet,Electronics,15280.13
S00204,16,2026-01-12,Tablet,Electronics,5847.68
S01622,93,2026-01-12,Tablet,Electronics,4432.02
S00948,33,2026-01-13,Speaker,Audio,9373.73
S00651,98,2026-01-13,Monitor,Electronics,6652.86
S00574,63,2026-01-13,Mouse,Accessories,21973.98
S00745,2,2026-01-14,Mouse,Accessories,3155.01
S01499,13,2026-01-14,Speaker,Audio,17516.32
S01720,8,2026-01-14,Headphones,Accessories,6407.72
S01795,77,2026-01-15,Keyboard,Accessories,4499.93
S00299,100,2026-01-16,Monitor,Electronics,7123.4
S01393,93,2026-01-16,Monitor,Electronics,11966.54
S00982,45,2026-01-16,Headphones,Accessories,5926.09
S00853,77,2026-01-16,Mouse,Accessories,13148.44
S00381,12,2026-01-16,Speaker,Audio,11156.28
S00258,62,2026-01-16,Printer,Office,7915.57
S00183,33,2026-01-16,Keyboard,Accessories,13000.1
S01764,38,2026-01-17,Tablet,Electronics,7506.58
S00954,57,2026-01-17,Headphones,Accessories,10325.82
S00236,5,2026-01-17,Camera,Electronics,18865.22
S01026,11,2026-01-17,Camera,Electronics,13404.46
S00758,89,2026-01-17,Printer,Office,7396.83
S01357,86,2026-01-18,Tablet,Electronics,2992.74
S00921,32,2026-01-18,Tablet,Electronics,7798.43
S01838,60,2026-01-18,Laptop,Electronics,7950.77
S00901,14,2026-01-18,Camera,Electronics,13049.46
S01885,61,2026-01-19,Mouse,Accessories,12203.22
S00862,44,2026-01-20,Monitor,Electronics,11469.22
S01551,40,2026-01-20,Speaker,Audio,9094.43
S01106,29,2026-01-20,Laptop,Electronics,7136.14
S01083,49,2026-01-22,Tablet,Electronics,8747.55
S00886,75,2026-01-22,Speaker,Audio,18514.89
S00676,43,2026-01-23,Phone,Electronics,7181.81
S01398,33,2026-01-24,Headphones,Accessories,10064.16
S01627,100,2026-01-24,Tablet,Electronics,11216.03
S00667,17,2026-01-25,Mouse,Accessories,18057.94
S01413,39,2026-01-25,Keyboard,Accessories,14877.13
S00925,23,2026-01-25,Laptop,Electronics,7039.22
S00244,40,2026-01-26,Monitor,Electronics,12932.04
S01837,41,2026-01-26,Laptop,Electronics,5278.26
S00856,6,2026-01-26,Mouse,Accessories,8437.67
S00960,86,2026-01-26,Camera,Electronics,7783.58
S01298,66,2026-01-27,Laptop,Electronics,7260.05
S01383,3,2026-01-27,Keyboard,Accessories,3982.34
S01516,9,2026-01-27,Monitor,Electronics,11498.36
S01058,2,2026-01-28,Camera,Electronics,12931.86
S00553,13,2026-01-28,Keyboard,Accessories,14849.25
S00397,100,2026-01-29,Tablet,Electronics,6653.92
S01127,29,2026-01-29,Camera,Electronics,8439.79
S00615,95,2026-01-29,Headphones,Accessories,6781.12
S01636,65,2026-01-29,Speaker,Audio,14248.26
S01147,88,2026-01-30,Laptop,Electronics,5052.16
S00280,16,2026-01-30,Speaker,Audio,4137.88
S01894,50,2026-01-30,Mouse,Accessories,4637.38
S01129,3,2026-01-30,Tablet,Electronics,5304.52
S01888,37,2026-01-31,Speaker,Audio,9829.47
S01021,29,2026-01-31,Headphones,Accessories,7711.44
S00326,50,2026-01-31,Phone,Electronics,9824.15
S01784,86,2026-01-31,Laptop,Electronics,2892.82
S01581,23,2026-01-31,Mouse,Accessories,9811.54
S00180,2,2026-02-01,Monitor,Electronics,5852.77
S01532,70,2026-02-01,Headphones,Accessories,9125.71
S01863,22,2026-02-01,Monitor,Electronics,9099.23
S01770,41,2026-02-01,Mouse,Accessories,8381.69
S01010,43,2026-02-02,Laptop,Electronics,5109.08
S00813,24,2026-02-02,Printer,Office,8699.1
S00523,12,2026-02-02,Printer,Office,11369.0
S00773,10,2026-02-02,Camera,Electronics,6718.56
S01760,94,2026-02-02,Speaker,Audio,14975.17
S00791,59,2026-02-02,Laptop,Electronics,5098.16
S00683,16,2026-02-03,Headphones,Accessories,9811.8
S01415,29,2026-02-03,Speaker,Audio,8966.18
S01092,61,2026-02-03,Laptop,Electronics,14851.44
S00288,47,2026-02-04,Tablet,Electronics,9101.7
S00805,95,2026-02-04,Monitor,Electronics,15565.01
S01080,26,2026-02-05,Mouse,Accessories,3652.12
S00235,60,2026-02-05,Speaker,Audio,19205.4
S00648,91,2026-02-05,Laptop,Electronics,12739.8
S01189,69,2026-02-05,Camera,Electronics,7484.55
S01649,76,2026-02-05,Headphones,Accessories,1122.59
S01711,80,2026-02-06,Monitor,Electronics,10048.79
S01687,93,2026-02-06,Camera,Electronics,6968.49
S01369,95,2026-02-06,Tablet,Electronics,9366.13
S00205,14,2026-02-06,Printer,Office,6816.4
S01560,92,2026-02-07,Laptop,Electronics,12646.4
S00120,22,2026-02-07,Phone,Electronics,7241.61
S00599,74,2026-02-07,Phone,Electronics,14531.87
S01660,87,2026-02-07,Camera,Electronics,4805.37
S00357,7,2026-02-07,Headphones,Accessories,14458.06
S00539,28,2026-02-07,Phone,Electronics,7407.95
S00930,17,2026-02-08,Monitor,Electronics,6186.94
S01273,21,2026-02-09,Camera,Electronics,2681.05
S01804,46,2026-02-09,Laptop,Electronics,8140.86
S00970,100,2026-02-10,Headphones,Accessories,12950.15
S00543,64,2026-02-11,Camera,Electronics,5176.82
S01068,54,2026-02-11,Camera,Electronics,17236.4
S01558,80,2026-02-11,Laptop,Electronics,4012.23
S01599,13,2026-02-11,Printer,Office,9999.73
S00971,88,2026-02-12,Laptop,Electronics,10063.83
S01264,64,2026-02-13,Laptop,Electronics,6493.84
S01502,68,2026-02-13,Printer,Office,10404.88
S00540,92,2026-02-13,Speaker,Audio,8307.75
S00883,60,2026-02-13,Mouse,Accessories,15984.43
S01785,92,2026-02-13,Laptop,Electronics,3712.56
S00308,95,2026-02-13,Tablet,Electronics,13485.61
S00517,54,2026-02-14,Monitor,Electronics,15436.23
S01573,27,2026-02-14,Monitor,Electronics,12841.57
S01100,51,2026-02-14,Keyboard,Accessories,8257.71
S00374,82,2026-02-14,Laptop,Electronics,6904.16
S00392,86,2026-02-15,Tablet,Electronics,10668.1
S00566,33,2026-02-15,Speaker,Audio,9832.02
S00688,25,2026-02-16,Keyboard,Accessories,8937.83
S01803,90,2026-02-16,Monitor,Electronics,11565.11
S01072,52,2026-02-16,Printer,Office,5486.34
S01680,22,2026-02-16,Phone,Electronics,5654.1
S01517,79,2026-02-16,Tablet,Electronics,12988.58
S00645,82,2026-02-17,Laptop,Electronics,1083.98
S01613,74,2026-02-17,Speaker,Audio,14227.43
S00068,1,2026-02-17,Mouse,Accessories,4759.23
S00320,92,2026-02-17,Monitor,Electronics,6967.0
S01855,55,2026-02-17,Camera,Electronics,6456.17
S00548,33,2026-02-18,Printer,Office,7695.66
S00743,78,2026-02-19,Speaker,Audio,5252.8
S01085,81,2026-02-19,Keyboard,Accessories,8534.97
S01740,71,2026-02-19,Keyboard,Accessories,8044.51
S00049,40,2026-02-19,Headphones,Accessories,10438.46
S00328,33,2026-02-20,Tablet,Electronics,6590.21
S00436,74,2026-02-20,Keyboard,Accessories,4341.06
S00627,94,2026-02-20,Monitor,Electronics,5831.46
S01914,15,2026-02-21,Laptop,Electronics,4886.65
S01123,63,2026-02-21,Mouse,Accessories,13913.81
S00138,19,2026-02-21,Printer,Office,3708.55
S00617,39,2026-02-21,Camera,Electronics,9458.48
S01878,7,2026-02-21,Headphones,Accessories,7974.14
S00785,52,2026-02-21,Monitor,Electronics,9959.46
S00790,56,2026-02-22,Headphones,Accessories,6321.12
S01420,16,2026-02-22,Monitor,Electronics,7247.78
S01364,72,2026-02-22,Speaker,Audio,19172.72
S00909,78,2026-02-23,Camera,Electronics,27719.62
S01299,73,2026-02-23,Mouse,Accessories,6402.97
S01333,95,2026-02-24,Camera,Electronics,22203.33
S01263,46,2026-02-24,Laptop,Electronics,10471.21
S00133,64,2026-02-24,Monitor,Electronics,7140.44
S00046,71,2026-02-24,Tablet,Electronics,7269.4
S00691,67,2026-02-24,Laptop,Electronics,14621.98
S00807,55,2026-02-25,Laptop,Electronics,17153.01
S01734,20,2026-02-25,Headphones,Accessories,5260.58
S01910,3,2026-02-26,Printer,Office,5836.93
S00369,64,2026-02-27,Laptop,Electronics,6264.75
S01337,80,2026-02-27,Headphones,Accessories,5154.02
S00824,51,2026-02-27,Laptop,Electronics,8849.62
S00693,93,2026-02-28,Tablet,Electronics,11361.61
S01793,97,2026-02-28,Speaker,Audio,10114.27
S00952,29,2026-02-28,Laptop,Electronics,5572.31
S01218,40,2026-02-28,Headphones,Accessories,16469.26
S00197,7,2026-03-01,Headphones,Accessories,4501.33
S01004,13,2026-03-01,Tablet,Electronics,6340.43
S01983,6,2026-03-02,Camera,Electronics,13906.0
S00044,20,2026-03-03,Laptop,Electronics,18620.54
S01923,44,2026-03-03,Mouse,Accessories,8095.34
S01614,96,2026-03-03,Phone,Electronics,14135.76
S00532,92,2026-03-03,Laptop,Electronics,2791.83
S00064,16,2026-03-03,Keyboard,Accessories,11081.97
S01777,17,2026-03-04,Laptop,Electronics,20540.81
S01023,40,2026-03-04,Mouse,Accessories,12445.62
S00259,23,2026-03-04,Keyboard,Accessories,5166.75
S00322,91,2026-03-05,Printer,Office,4364.85
S00549,84,2026-03-05,Printer,Office,12632.62
S01677,47,2026-03-06,Monitor,Electronics,11280.48
S01474,98,2026-03-06,Camera,Electronics,5217.61
S00174,32,2026-03-07,Monitor,Electronics,15458.15
S01814,6,2026-03-07,Printer,Office,8616.92
S01008,97,2026-03-07,Monitor,Electronics,3997.2
S01736,15,2026-03-08,Laptop,Electronics,11752.5
S00225,49,2026-03-08,Headphones,Accessories,10320.21
S01617,28,2026-03-08,Phone,Electronics,29624.82
S00350,90,2026-03-09,Tablet,Electronics,8932.32
S01986,78,2026-03-09,Laptop,Electronics,12719.64
S01429,49,2026-03-10,Monitor,Electronics,3260.95
S01654,6,2026-03-10,Headphones,Accessories,8546.59
S00128,98,2026-03-10,Monitor,Electronics,8879.99
S01950,23,2026-03-10,Laptop,Electronics,6713.51
S00154,46,2026-03-10,Phone,Electronics,11307.11
S01524,88,2026-03-11,Camera,Electronics,19544.0
S01351,16,2026-03-11,Tablet,Electronics,10784.86
S00410,69,2026-03-11,Monitor,Electronics,6317.89
S00475,13,2026-03-11,Phone,Electronics,19385.38
S00111,8,2026-03-11,Printer,Office,8713.47
S00814,95,2026-03-11,Printer,Office,10501.41
S01756,81,2026-03-12,Mouse,Accessories,14404.43
S00275,22,2026-03-12,Camera,Electronics,4958.21
S00766,44,2026-03-13,Keyboard,Accessories,13905.77
S00848,64,2026-03-13,Tablet,Electronics,8395.78
S00387,30,2026-03-14,Tablet,Electronics,10188.86
S00401,76,2026-03-14,Phone,Electronics,9718.99
S00161,85,2026-03-14,Mouse,Accessories,12081.77
S00849,38,2026-03-14,Monitor,Electronics,4902.13
S00338,74,2026-03-15,Phone,Electronics,8134.49
S00192,50,2026-03-15,Keyboard,Accessories,5743.15
S01840,75,2026-03-15,Mouse,Accessories,3365.18
S01479,6,2026-03-15,Mouse,Accessories,1266.84
S00421,39,2026-03-16,Mouse,Accessories,9737.6
S00906,37,2026-03-16,Headphones,Accessories,10191.92
S00577,59,2026-03-16,Camera,Electronics,10743.21
S00352,93,2026-03-16,Laptop,Electronics,11153.68
S01441,53,2026-03-16,Phone,Electronics,2652.27
S01139,32,2026-03-17,Monitor,Electronics,10895.26
S01870,74,2026-03-17,Camera,Electronics,13769.91
S01110,30,2026-03-17,Camera,Electronics,7431.48
S00158,60,2026-03-17,Keyboard,Accessories,3098.75
S01945,40,2026-03-18,Phone,Electronics,5857.39
S00562,10,2026-03-19,Mouse,Accessories,11040.28
S00602,85,2026-03-19,Camera,Electronics,10080.82
S01900,100,2026-03-19,Printer,Office,12473.81
S01672,29,2026-03-19,Tablet,Electronics,12091.79
S00488,63,2026-03-19,Printer,Office,5089.03
S01925,78,2026-03-19,Printer,Office,7031.82
S01631,17,2026-03-20,Headphones,Accessories,12531.06
S00184,9,2026-03-20,Mouse,Accessories,8191.73
S01919,100,2026-03-20,Tablet,Electronics,8037.11
S00144,44,2026-03-21,Monitor,Electronics,11721.72
S00212,32,2026-03-21,Headphones,Accessories,5648.1
S00343,12,2026-03-21,Tablet,Electronics,10261.04
S00558,69,2026-03-22,Keyboard,Accessories,13635.86
S00675,77,2026-03-22,Speaker,Audio,10741.25
S01695,57,2026-03-22,Mouse,Accessories,9927.34
S00704,61,2026-03-23,Keyboard,Accessories,10218.17
S01386,40,2026-03-23,Headphones,Accessories,8812.5
S01609,70,2026-03-23,Camera,Electronics,5886.01
S01290,20,2026-03-23,Keyboard,Accessories,13195.08
S00687,56,2026-03-23,Printer,Office,5044.78
S01155,92,2026-03-24,Headphones,Accessories,26407.04
S01239,17,2026-03-24,Printer,Office,14466.2
S01496,3,2026-03-24,Keyboard,Accessories,7250.24
S00638,51,2026-03-24,Laptop,Electronics,10227.93
S00897,64,2026-03-25,Speaker,Audio,24580.31
S00067,2,2026-03-25,Monitor,Electronics,8044.0
S00457,71,2026-03-25,Mouse,Accessories,11202.86
S00961,66,2026-03-25,Monitor,Electronics,13178.46
S00129,21,2026-03-26,Mouse,Accessories,4997.53
S00363,89,2026-03-26,Laptop,Electronics,5546.08
S00106,33,2026-03-26,Monitor,Electronics,7843.82
S01642,64,2026-03-28,Speaker,Audio,11209.43
S00083,33,2026-03-28,Laptop,Electronics,3229.66
S01057,38,2026-03-29,Phone,Electronics,13249.45
S00191,99,2026-03-30,Tablet,Electronics,11023.41
S01553,77,2026-03-30,Headphones,Accessories,13012.09
S00575,89,2026-03-30,Printer,Office,5381.87
S01710,15,2026-03-30,Mouse,Accessories,4348.25
S00872,9,2026-03-30,Headphones,Accessories,3063.19
S00801,75,2026-03-30,Printer,Office,10686.64
S01207,24,2026-03-31,Camera,Electronics,7404.34
S00056,89,2026-03-31,Printer,Office,8465.63
S00994,74,2026-03-31,Tablet,Electronics,6525.64
S00525,96,2026-03-31,Tablet,Electronics,14416.39
S00444,9,2026-04-01,Monitor,Electronics,5369.04
S00115,33,2026-04-01,Tablet,Electronics,9302.34
S01320,49,2026-04-01,Monitor,Electronics,15610.56
S01238,34,2026-04-01,Camera,Electronics,2907.45
S00149,6,2026-04-01,Keyboard,Accessories,29115.75
S00467,39,2026-04-01,Mouse,Accessories,15239.27
S00263,58,2026-04-02,Phone,Electronics,2670.22
S01138,92,2026-04-02,Headphones,Accessories,13946.1
S00905,85,2026-04-02,Speaker,Audio,10411.14
S00727,61,2026-04-03,Tablet,Electronics,8540.54
S01262,62,2026-04-03,Laptop,Electronics,2556.58
S01773,86,2026-04-04,Laptop,Electronics,4217.93
S01939,89,2026-04-04,Printer,Office,21616.09
S00777,86,2026-04-04,Monitor,Electronics,15055.11
S01766,11,2026-04-05,Camera,Electronics,6356.14
S00706,21,2026-04-05,Keyboard,Accessories,10892.85
S01250,91,2026-04-05,Camera,Electronics,7373.82
S01536,77,2026-04-05,Headphones,Accessories,15562.75
S01992,29,2026-04-05,Camera,Electronics,5495.08
S00988,26,2026-04-06,Camera,Electronics,21707.6
S01856,32,2026-04-07,Speaker,Audio,6984.94
S00947,29,2026-04-07,Monitor,Electronics,6175.05
S01098,94,2026-04-07,Monitor,Electronics,8339.7
S01712,27,2026-04-07,Mouse,Accessories,11411.21
S01381,45,2026-04-07,Monitor,Electronics,9834.12
S01596,39,2026-04-07,Tablet,Electronics,9921.55
S01827,7,2026-04-08,Headphones,Accessories,6080.66
S00386,99,2026-04-08,Printer,Office,13595.29
S00358,68,2026-04-08,Speaker,Audio,3772.25
S01471,63,2026-04-08,Printer,Office,19883.26
S00965,97,2026-04-09,Speaker,Audio,19642.3
S01578,45,2026-04-09,Mouse,Accessories,14173.43
S00344,95,2026-04-09,Headphones,Accessories,13925.99
S00782,42,2026-04-09,Monitor,Electronics,1284.16
S00626,5,2026-04-09,Phone,Electronics,19237.18
S01032,36,2026-04-09,Keyboard,Accessories,6055.86
S00311,58,2026-04-09,Laptop,Electronics,9602.63
S01868,3,2026-04-09,Headphones,Accessories,5215.62
S00505,36,2026-04-09,Printer,Office,13510.6
S01487,99,2026-04-09,Mouse,Accessories,8238.64
S01719,53,2026-04-10,Speaker,Audio,10495.72
S01205,99,2026-04-10,Phone,Electronics,8314.43
S00019,75,2026-04-10,Phone,Electronics,3409.07
S00534,90,2026-04-10,Keyboard,Accessories,13173.37
S00415,85,2026-04-11,Printer,Office,4954.56
S01866,56,2026-04-11,Monitor,Electronics,11711.33
S00446,27,2026-04-11,Printer,Office,4798.79
S00818,92,2026-04-11,Tablet,Electronics,5508.06
S00167,25,2026-04-12,Camera,Electronics,8391.48
S01170,95,2026-04-12,Tablet,Electronics,3456.67
S01949,45,2026-04-12,Monitor,Electronics,8489.28
S00251,63,2026-04-12,Tablet,Electronics,19846.27
S01192,2,2026-04-12,Mouse,Accessories,10169.55
S01159,96,2026-04-12,Tablet,Electronics,16970.43
S00334,67,2026-04-13,Printer,Office,7728.9
S00395,19,2026-04-13,Mouse,Accessories,7732.4
S01310,35,2026-04-13,Printer,Office,14324.8
S01588,31,2026-04-14,Monitor,Electronics,3477.27
S01638,90,2026-04-14,Mouse,Accessories,12732.59
S00992,20,2026-04-14,Mouse,Accessories,15654.56
S00118,59,2026-04-14,Keyboard,Accessories,12222.05
S00142,49,2026-04-15,Monitor,Electronics,4319.36
S00405,78,2026-04-15,Speaker,Audio,13776.2
S00936,39,2026-04-15,Printer,Office,6817.05
S01987,2,2026-04-15,Camera,Electronics,15722.4
S00027,86,2026-04-16,Camera,Electronics,4130.4
S01037,63,2026-04-16,Mouse,Accessories,6429.56
S00337,40,2026-04-16,Printer,Office,5143.11
S00829,75,2026-04-17,Keyboard,Accessories,7401.52
S00610,62,2026-04-17,Headphones,Accessories,7728.01
S01792,2,2026-04-17,Printer,Office,9130.41
S00006,96,2026-04-18,Speaker,Audio,2364.28
S00757,64,2026-04-18,Speaker,Audio,16704.16
S00804,94,2026-04-18,Mouse,Accessories,13240.6
S00593,3,2026-04-18,Speaker,Audio,3225.34
S00450,37,2026-04-18,Laptop,Electronics,8973.81
S00281,51,2026-04-19,Mouse,Accessories,12068.68
S00661,29,2026-04-19,Camera,Electronics,7576.43
S01156,8,2026-04-19,Laptop,Electronics,3950.97
S00751,3,2026-04-20,Phone,Electronics,6014.38
S01260,85,2026-04-20,Keyboard,Accessories,15248.5
S01128,55,2026-04-20,Speaker,Audio,6322.54
S00888,34,2026-04-20,Printer,Office,15784.52
S01612,71,2026-04-20,Headphones,Accessories,7438.32
S01931,62,2026-04-20,Keyboard,Accessories,9746.89
S01421,56,2026-04-20,Mouse,Accessories,5876.98
S01562,59,2026-04-21,Printer,Office,13452.12
S01603,95,2026-04-21,Laptop,Electronics,8556.91
S00480,72,2026-04-21,Keyboard,Accessories,8772.25
S00137,48,2026-04-21,Keyboard,Accessories,6577.86
S01589,82,2026-04-21,Headphones,Accessories,6345.09
S00912,4,2026-04-22,Speaker,Audio,6571.63
S01999,51,2026-04-22,Monitor,Electronics,9314.93
S01122,51,2026-04-22,Mouse,Accessories,3851.85
S00953,38,2026-04-22,Phone,Electronics,14585.86
S00918,72,2026-04-23,Phone,Electronics,7697.92
S00087,36,2026-04-23,Tablet,Electronics,4116.8
S01366,87,2026-04-23,Tablet,Electronics,12118.65
S01419,57,2026-04-23,Printer,Office,5969.54
S01664,98,2026-04-23,Keyboard,Accessories,20735.18
S00365,36,2026-04-23,Camera,Electronics,4322.87
S01812,6,2026-04-24,Phone,Electronics,5974.91
S01064,17,2026-04-24,Headphones,Accessories,8192.01
S01278,59,2026-04-24,Laptop,Electronics,11611.92
S01535,48,2026-04-25,Speaker,Audio,5588.48
S01447,68,2026-04-25,Keyboard,Accessories,13353.39
S00013,90,2026-04-25,Speaker,Audio,11072.87
S00630,17,2026-04-25,Speaker,Audio,12993.38
S00325,12,2026-04-26,Monitor,Electronics,13137.19
S01349,32,2026-04-26,Phone,Electronics,12162.07
S00194,24,2026-04-26,Tablet,Electronics,4799.63
S01212,87,2026-04-26,Camera,Electronics,3498.38
S00077,48,2026-04-26,Headphones,Accessories,20019.49
S00333,12,2026-04-26,Phone,Electronics,12458.7
S00809,3,2026-04-27,Mouse,Accessories,8138.49
S01221,73,2026-04-27,Speaker,Audio,6010.51
S00408,83,2026-04-27,Camera,Electronics,7477.79
S00284,29,2026-04-28,Headphones,Accessories,8589.55
S01557,19,2026-04-28,Printer,Office,11348.11
S01473,74,2026-04-28,Tablet,Electronics,4541.13
S01876,79,2026-04-29,Printer,Office,4325.09
S00874,15,2026-04-29,Keyboard,Accessories,8283.2
S00367,73,2026-04-29,Speaker,Audio,9726.84
S01725,71,2026-04-29,Laptop,Electronics,7816.66
S01847,45,2026-04-29,Mouse,Accessories,5779.24
S00945,64,2026-04-30,Speaker,Audio,16836.32
S00081,24,2026-04-30,Tablet,Electronics,6029.61
S01184,60,2026-04-30,Monitor,Electronics,14017.31
S00686,4,2026-04-30,Printer,Office,21836.79
S00124,54,2026-04-30,Headphones,Accessories,5088.41
S01099,87,2026-05-01,Camera,Electronics,4064.03
S01015,37,2026-05-01,Printer,Office,7605.32
S01822,50,2026-05-01,Mouse,Accessories,7096.6
S00066,60,2026-05-01,Headphones,Accessories,14135.85
S00556,6,2026-05-01,Headphones,Accessories,6450.83
S01279,39,2026-05-02,Speaker,Audio,9292.31
S01399,16,2026-05-02,Mouse,Accessories,5992.5
S00084,24,2026-05-02,Phone,Electronics,4381.24
S00756,15,2026-05-02,Camera,Electronics,9156.3
S01606,64,2026-05-02,Tablet,Electronics,17995.13
S01001,46,2026-05-03,Speaker,Audio,8041.81
S00054,92,2026-05-03,Speaker,Audio,11851.37
S00946,15,2026-05-04,Headphones,Accessories,11073.33
S01512,25,2026-05-04,Printer,Office,1979.51
S01769,33,2026-05-04,Laptop,Electronics,4850.3
S00996,6,2026-05-05,Camera,Electronics,16253.98
S01778,76,2026-05-05,Tablet,Electronics,11149.69
S00448,5,2026-05-05,Mouse,Accessories,8473.87
S01458,88,2026-05-06,Camera,Electronics,9346.44
S00267,48,2026-05-06,Speaker,Audio,13453.56
S00608,77,2026-05-06,Headphones,Accessories,17026.89
S00256,90,2026-05-06,Mouse,Accessories,7028.36
S01729,44,2026-05-06,Printer,Office,13423.85
S00768,17,2026-05-07,Keyboard,Accessories,8677.19
S00130,30,2026-05-07,Mouse,Accessories,10373.95
S00860,23,2026-05-07,Camera,Electronics,3199.4
S00753,18,2026-05-07,Mouse,Accessories,15330.99
S00433,18,2026-05-07,Headphones,Accessories,4024.4
S01089,86,2026-05-07,Monitor,Electronics,3411.07
S01513,98,2026-05-07,Mouse,Accessories,6901.12
S01973,28,2026-05-08,Camera,Electronics,6665.61
S00452,83,2026-05-09,Printer,Office,3955.05
S01805,15,2026-05-09,Printer,Office,10376.21
S00355,90,2026-05-09,Speaker,Audio,11747.55
S01084,71,2026-05-10,Laptop,Electronics,14494.88
S01506,56,2026-05-11,Printer,Office,7240.09
S01542,45,2026-05-11,Speaker,Audio,11532.86
S00915,89,2026-05-12,Phone,Electronics,9939.8
S01543,96,2026-05-12,Monitor,Electronics,16997.57
S00065,90,2026-05-12,Laptop,Electronics,11413.82
S00351,8,2026-05-12,Camera,Electronics,7791.48
S00413,25,2026-05-13,Mouse,Accessories,13917.3
S00461,36,2026-05-14,Printer,Office,12099.08
S00157,99,2026-05-14,Speaker,Audio,7237.33
S00721,47,2026-05-14,Printer,Office,22862.12
S00855,33,2026-05-15,Keyboard,Accessories,7830.71
S01104,32,2026-05-16,Keyboard,Accessories,12668.04
S01762,82,2026-05-16,Speaker,Audio,17339.32
S00383,13,2026-05-16,Printer,Office,3082.16
S00295,90,2026-05-17,Tablet,Electronics,12577.25
S00287,69,2026-05-17,Keyboard,Accessories,10278.82
S01051,41,2026-05-17,Camera,Electronics,7021.81
S01607,88,2026-05-17,Speaker,Audio,8388.32
S00468,91,2026-05-17,Speaker,Audio,20102.63
S01869,28,2026-05-17,Keyboard,Accessories,12259.92
S01497,32,2026-05-17,Tablet,Electronics,25491.98
S00228,70,2026-05-17,Mouse,Accessories,12460.89
S01257,45,2026-05-17,Camera,Electronics,5073.82
S00432,75,2026-05-17,Tablet,Electronics,24162.67
S00309,10,2026-05-18,Printer,Office,7925.63
S00092,99,2026-05-18,Tablet,Electronics,13984.19
S01360,79,2026-05-18,Monitor,Electronics,5064.94
S01284,24,2026-05-18,Phone,Electronics,7432.72
S00257,90,2026-05-18,Keyboard,Accessories,9862.55
S00166,18,2026-05-18,Printer,Office,10813.11
S01968,76,2026-05-18,Phone,Electronics,10740.16
S00916,18,2026-05-18,Phone,Electronics,5774.46
S00429,35,2026-05-18,Headphones,Accessories,15394.06
S01927,37,2026-05-19,Speaker,Audio,16496.87
S01544,62,2026-05-20,Laptop,Electronics,7509.03
S01251,40,2026-05-20,Monitor,Electronics,13126.37
S01455,56,2026-05-20,Speaker,Audio,5771.75
S00425,39,2026-05-20,Phone,Electronics,8260.66
S01833,58,2026-05-21,Mouse,Accessories,20269.59
S01485,49,2026-05-21,Camera,Electronics,4350.34
S00501,21,2026-05-22,Camera,Electronics,6221.63
S01388,55,2026-05-23,Mouse,Accessories,5183.22
S00689,67,2026-05-23,Camera,Electronics,10092.16
S00462,70,2026-05-23,Printer,Office,12554.36
S01227,98,2026-05-24,Phone,Electronics,3420.72
S01528,5,2026-05-24,Tablet,Electronics,13595.4
S01493,62,2026-05-24,Speaker,Audio,15235.95
S00656,79,2026-05-24,Headphones,Accessories,7051.18
S01872,61,2026-05-24,Laptop,Electronics,8329.49
S00372,99,2026-05-25,Speaker,Audio,6922.41
S00775,18,2026-05-26,Monitor,Electronics,5914.82
S01395,25,2026-05-26,Tablet,Electronics,5460.04
S00028,11,2026-05-26,Laptop,Electronics,15947.24
S01748,63,2026-05-27,Monitor,Electronics,1819.35
S01895,49,2026-05-28,Keyboard,Accessories,15177.69
S00639,38,2026-05-28,Laptop,Electronics,7258.03
S01312,44,2026-05-28,Speaker,Audio,6969.94
S00406,95,2026-05-29,Speaker,Audio,12869.6
S01255,71,2026-05-29,Headphones,Accessories,7350.81
S01053,63,2026-05-29,Speaker,Audio,10588.15
S00423,42,2026-05-29,Headphones,Accessories,21610.16
S01648,52,2026-05-29,Mouse,Accessories,6477.43
S01738,94,2026-05-30,Keyboard,Accessories,7589.3
S00188,93,2026-05-30,Laptop,Electronics,8991.74
S01980,56,2026-05-31,Printer,Office,5017.54
S00483,1,2026-05-31,Printer,Office,4667.62
S01175,74,2026-05-31,Camera,Electronics,15550.36
S00998,23,2026-05-31,Camera,Electronics,14016.4
S00080,20,2026-06-01,Mouse,Accessories,16223.26
S00165,67,2026-06-01,Mouse,Accessories,9987.82
S01370,94,2026-06-01,Speaker,Audio,14825.09
S00557,82,2026-06-01,Keyboard,Accessories,11793.2
S01554,33,2026-06-02,Camera,Electronics,24839.69
S00176,86,2026-06-03,Printer,Office,1754.63
S01970,57,2026-06-03,Camera,Electronics,8800.27
S00695,50,2026-06-04,Monitor,Electronics,4116.47
S01960,10,2026-06-04,Printer,Office,4018.05
S01468,72,2026-06-04,Monitor,Electronics,5502.19
S01243,87,2026-06-04,Printer,Office,9021.98
S01079,22,2026-06-05,Phone,Electronics,6988.52
S00761,39,2026-06-05,Phone,Electronics,11367.02
S01425,84,2026-06-05,Mouse,Accessories,11898.41
S00938,70,2026-06-05,Mouse,Accessories,4910.57
S01750,2,2026-06-06,Tablet,Electronics,5506.28
S01582,42,2026-06-06,Monitor,Electronics,8798.35
S00048,33,2026-06-06,Printer,Office,10192.94
S00454,65,2026-06-06,Speaker,Audio,9235.41
S01164,16,2026-06-06,Phone,Electronics,8417.06
S01768,89,2026-06-06,Keyboard,Accessories,12994.22
S01830,80,2026-06-07,Speaker,Audio,4103.85
S01283,55,2026-06-08,Printer,Office,12130.81
S01233,85,2026-06-08,Tablet,Electronics,10032.71
S00239,96,2026-06-09,Phone,Electronics,9562.69
S01746,48,2026-06-09,Mouse,Accessories,17263.98
S00724,94,2026-06-09,Speaker,Audio,23670.35
S00941,7,2026-06-09,Tablet,Electronics,10988.61
S01483,47,2026-06-09,Tablet,Electronics,10379.52
S00634,85,2026-06-09,Headphones,Accessories,4811.53
S01834,22,2026-06-10,Phone,Electronics,13437.6
S00530,28,2026-06-10,Monitor,Electronics,10080.61
S01390,39,2026-06-10,Laptop,Electronics,4407.48
S01809,75,2026-06-10,Phone,Electronics,13260.4
S00316,16,2026-06-11,Laptop,Electronics,11041.01
S00908,83,2026-06-11,Keyboard,Accessories,9367.85
S01033,54,2026-06-11,Speaker,Audio,19637.22
S01498,99,2026-06-11,Phone,Electronics,17891.68
S00148,46,2026-06-11,Camera,Electronics,2654.54
S00986,36,2026-06-11,Laptop,Electronics,14064.45
S01247,57,2026-06-11,Speaker,Audio,6647.25
S00490,56,2026-06-12,Speaker,Audio,13079.8
S01303,1,2026-06-12,Laptop,Electronics,2618.37
S00531,8,2026-06-12,Laptop,Electronics,4993.47
S00618,26,2026-06-13,Printer,Office,4179.15
S00778,34,2026-06-13,Monitor,Electronics,7700.46
S01890,92,2026-06-13,Laptop,Electronics,12567.71
S00502,80,2026-06-13,Speaker,Audio,23426.88
S00153,93,2026-06-13,Printer,Office,12229.49
S00827,66,2026-06-14,Phone,Electronics,13623.82
S00216,51,2026-06-14,Keyboard,Accessories,12409.31
S00859,5,2026-06-14,Camera,Electronics,13656.24
S01371,39,2026-06-15,Camera,Electronics,7764.92
S01181,19,2026-06-15,Printer,Office,9990.29
S00339,43,2026-06-15,Keyboard,Accessories,6606.32
S01385,43,2026-06-15,Tablet,Electronics,5486.56
S01574,38,2026-06-15,Monitor,Electronics,9930.39
S01576,7,2026-06-16,Printer,Office,11275.17
S01545,93,2026-06-16,Headphones,Accessories,8968.92
S01510,9,2026-06-16,Speaker,Audio,13563.88
S00728,81,2026-06-16,Laptop,Electronics,5141.75
S00182,17,2026-06-17,Tablet,Electronics,6268.18
S00999,47,2026-06-17,Tablet,Electronics,3718.01
S01633,22,2026-06-17,Keyboard,Accessories,5630.45
S00451,38,2026-06-17,Speaker,Audio,4602.77
S01268,51,2026-06-17,Headphones,Accessories,5219.82
S00300,33,2026-06-17,Laptop,Electronics,5798.3
S01692,84,2026-06-17,Tablet,Electronics,12794.99
S01194,87,2026-06-18,Tablet,Electronics,2514.64
S01167,54,2026-06-19,Tablet,Electronics,4361.2
S01245,85,2026-06-19,Keyboard,Accessories,24414.92
S01774,51,2026-06-20,Tablet,Electronics,2610.84
S00368,24,2026-06-20,Camera,Electronics,13882.35
S01338,70,2026-06-20,Phone,Electronics,12656.26
S01947,56,2026-06-20,Monitor,Electronics,9059.01
S01368,82,2026-06-21,Phone,Electronics,8002.62
S00662,4,2026-06-21,Monitor,Electronics,5040.87
S01060,82,2026-06-22,Monitor,Electronics,5992.69
S01294,62,2026-06-22,Phone,Electronics,7660.52
S00321,32,2026-06-22,Camera,Electronics,12109.74
S01901,66,2026-06-23,Mouse,Accessories,16822.74
S01820,8,2026-06-23,Printer,Office,13113.44
S00121,30,2026-06-24,Mouse,Accessories,6802.16
S01484,87,2026-06-24,Printer,Office,23670.0
S01727,93,2026-06-24,Speaker,Audio,14652.08
S01171,55,2026-06-24,Camera,Electronics,19899.02
S00603,78,2026-06-24,Monitor,Electronics,10604.65
S00885,78,2026-06-24,Camera,Electronics,10152.19
S01165,68,2026-06-25,Mouse,Accessories,11245.58
S01997,69,2026-06-25,Laptop,Electronics,8568.94
S00935,51,2026-06-25,Headphones,Accessories,6027.77
S00373,36,2026-06-25,Camera,Electronics,9300.02
S00162,32,2026-06-25,Monitor,Electronics,14914.18
S01296,73,2026-06-25,Headphones,Accessories,6500.97
S00031,73,2026-06-26,Keyboard,Accessories,2243.54
S01815,73,2026-06-26,Headphones,Accessories,10515.46
S01433,30,2026-06-26,Tablet,Electronics,6435.15
S00061,42,2026-06-26,Keyboard,Accessories,7124.27
S00285,78,2026-06-27,Laptop,Electronics,15636.49
S01180,19,2026-06-27,Laptop,Electronics,16309.17
S00431,93,2026-06-27,Speaker,Audio,15175.88
S01423,30,2026-06-28,Laptop,Electronics,4531.31
S00394,59,2026-06-28,Mouse,Accessories,3828.08
S00463,31,2026-06-29,Tablet,Electronics,6940.66
S01332,8,2026-06-29,Speaker,Audio,15769.94
S01225,58,2026-06-29,Monitor,Electronics,8333.47
S01781,79,2026-06-29,Keyboard,Accessories,7177.69
S01540,81,2026-06-30,Phone,Electronics,13965.9
S01013,68,2026-06-30,Monitor,Electronics,13095.0
S00657,30,2026-06-30,Speaker,Audio,6697.19
S01469,20,2026-06-30,Camera,Electronics,2532.9
S01113,19,2026-06-30,Mouse,Accessories,15135.32
S00296,48,2026-07-01,Printer,Office,5539.78
S00865,40,2026-07-01,Camera,Electronics,7707.59
S00659,81,2026-07-01,Laptop,Electronics,4029.38
S00220,62,2026-07-01,Monitor,Electronics,14476.76
S00631,47,2026-07-01,Tablet,Electronics,2676.7
S01877,97,2026-07-02,Speaker,Audio,6467.37
S00857,50,2026-07-03,Printer,Office,16964.45
S01808,49,2026-07-03,Keyboard,Accessories,4995.02
S00993,11,2026-07-03,Mouse,Accessories,5780.5
S01019,9,2026-07-04,Keyboard,Accessories,14534.1
S01819,76,2026-07-04,Laptop,Electronics,12195.14
S00108,21,2026-07-04,Speaker,Audio,4477.95
S00861,10,2026-07-04,Tablet,Electronics,7980.15
S01848,19,2026-07-04,Speaker,Audio,3351.7
S00360,75,2026-07-04,Printer,Office,3198.82
S01955,67,2026-07-05,Speaker,Audio,13949.12
S01196,20,2026-07-05,Tablet,Electronics,5131.77
S00107,14,2026-07-06,Headphones,Accessories,7349.68
S00914,42,2026-07-06,Camera,Electronics,12245.55
S00007,97,2026-07-07,Printer,Office,6087.54
S00798,70,2026-07-07,Mouse,Accessories,11946.22
S00498,45,2026-07-07,Mouse,Accessories,10058.6
S01050,26,2026-07-07,Tablet,Electronics,5852.65
S01436,62,2026-07-07,Keyboard,Accessories,11391.11
S00404,28,2026-07-07,Phone,Electronics,4592.86
S01860,70,2026-07-08,Keyboard,Accessories,10014.37
S01007,89,2026-07-08,Monitor,Electronics,10310.83
S01700,38,2026-07-08,Camera,Electronics,9488.8
S00822,6,2026-07-08,Keyboard,Accessories,8992.59
S01915,97,2026-07-09,Phone,Electronics,9167.14
S01188,47,2026-07-09,Phone,Electronics,5837.73
S01003,90,2026-07-09,Speaker,Audio,22010.13
S00240,94,2026-07-09,Printer,Office,16951.76
S01411,96,2026-07-10,Printer,Office,10045.03
S00852,100,2026-07-11,Camera,Electronics,5799.51
S00891,35,2026-07-11,Mouse,Accessories,9194.62
S01275,40,2026-07-12,Monitor,Electronics,8343.29
S01389,87,2026-07-12,Keyboard,Accessories,7486.28
S01704,35,2026-07-13,Mouse,Accessories,19477.96
S00739,14,2026-07-13,Tablet,Electronics,10488.66
S01266,54,2026-07-13,Printer,Office,3987.42
S00788,98,2026-07-13,Tablet,Electronics,10751.03
S01801,66,2026-07-13,Phone,Electronics,7786.4
S01998,33,2026-07-14,Printer,Office,9556.23
S01223,4,2026-07-14,Phone,Electronics,11445.52
S00981,76,2026-07-14,Printer,Office,10755.88
S01431,45,2026-07-14,Camera,Electronics,8972.08
S01843,87,2026-07-14,Printer,Office,10784.05
S00583,99,2026-07-14,Phone,Electronics,18160.53
S00164,33,2026-07-14,Headphones,Accessories,11577.99
S00506,99,2026-07-14,Mouse,Accessories,8528.87
S01065,43,2026-07-15,Tablet,Electronics,9534.93
S01996,59,2026-07-15,Mouse,Accessories,13372.87
S00318,80,2026-07-15,Camera,Electronics,11162.65
S00010,2,2026-07-15,Monitor,Electronics,6607.63
S00382,55,2026-07-15,Phone,Electronics,8208.2
S01027,23,2026-07-15,Monitor,Electronics,17428.6
S01318,44,2026-07-16,Speaker,Audio,4357.01
S01438,25,2026-07-16,Monitor,Electronics,16333.08
S00729,26,2026-07-16,Tablet,Electronics,12336.15
S00607,45,2026-07-17,Phone,Electronics,5766.34
S00975,29,2026-07-17,Monitor,Electronics,9998.24
S01561,97,2026-07-17,Headphones,Accessories,11405.14
S01111,16,2026-07-18,Headphones,Accessories,3995.56
S01944,65,2026-07-19,Camera,Electronics,6190.42
S00858,10,2026-07-19,Mouse,Accessories,13180.84
S01295,98,2026-07-19,Mouse,Accessories,5743.54
S01952,31,2026-07-19,Tablet,Electronics,7703.56
S01012,100,2026-07-19,Printer,Office,10491.0
S00734,52,2026-07-20,Camera,Electronics,18075.98
S00682,75,2026-07-20,Laptop,Electronics,7704.72
S00004,54,2026-07-20,Tablet,Electronics,11218.58
S01281,54,2026-07-20,Camera,Electronics,8896.05
S01595,12,2026-07-20,Printer,Office,13941.04
S00086,72,2026-07-20,Headphones,Accessories,8175.77
S00217,25,2026-07-20,Mouse,Accessories,4264.04
S01673,29,2026-07-21,Monitor,Electronics,2235.38
S01941,66,2026-07-21,Laptop,Electronics,7381.47
S00156,95,2026-07-21,Headphones,Accessories,8593.36
S01661,26,2026-07-21,Laptop,Electronics,9011.06
S00903,30,2026-07-21,Speaker,Audio,10677.92
S01859,82,2026-07-22,Monitor,Electronics,6429.33
S00208,15,2026-07-22,Camera,Electronics,11981.82
S01422,10,2026-07-22,Speaker,Audio,4909.34
S01841,82,2026-07-22,Headphones,Accessories,7367.67
S00698,19,2026-07-22,Laptop,Electronics,8065.53
S01924,14,2026-07-22,Mouse,Accessories,5074.91
S01043,47,2026-07-23,Laptop,Electronics,13495.53
S00152,24,2026-07-23,Phone,Electronics,5185.91
S00470,90,2026-07-23,Laptop,Electronics,11909.53
S01550,98,2026-07-23,Camera,Electronics,7105.64
S00655,88,2026-07-24,Mouse,Accessories,18254.28
S00752,23,2026-07-24,Mouse,Accessories,6597.79
S00701,82,2026-07-24,Camera,Electronics,6102.64
S00802,62,2026-07-25,Mouse,Accessories,10971.22
S01280,99,2026-07-25,Speaker,Audio,3117.13
S00700,5,2026-07-25,Speaker,Audio,12960.39
S00119,86,2026-07-25,Laptop,Electronics,6886.38
S01401,66,2026-07-25,Tablet,Electronics,14074.5
S00969,47,2026-07-26,Laptop,Electronics,5904.17
S01112,40,2026-07-26,Headphones,Accessories,6239.32
S01144,65,2026-07-26,Laptop,Electronics,8905.98
S01248,31,2026-07-27,Mouse,Accessories,6701.15
S00723,56,2026-07-27,Phone,Electronics,3307.13
S00951,36,2026-07-27,Monitor,Electronics,14852.99
S00569,96,2026-07-27,Laptop,Electronics,5681.77
S01446,88,2026-07-27,Headphones,Accessories,5417.41
S00990,27,2026-07-28,Headphones,Accessories,10168.18
S01600,46,2026-07-28,Printer,Office,5083.93
S00233,8,2026-07-28,Printer,Office,13150.1
S00771,25,2026-07-28,Speaker,Audio,9931.51
S00754,38,2026-07-29,Laptop,Electronics,7297.86
S01462,98,2026-07-29,Phone,Electronics,8064.08
S01035,57,2026-07-29,Mouse,Accessories,7776.0
S01527,72,2026-07-30,Tablet,Electronics,8151.04
S00815,6,2026-07-31,Tablet,Electronics,2948.12
S01651,29,2026-07-31,Laptop,Electronics,4925.64
S00132,28,2026-08-01,Tablet,Electronics,13098.44
S00487,62,2026-08-01,Monitor,Electronics,19913.17
S00495,44,2026-08-01,Camera,Electronics,5607.66
S00171,67,2026-08-01,Headphones,Accessories,7990.79
